Chart Number,Structure,RFU,StDev,SEM,CV
1,Gala-Sp8,12.325625,5.52798182424352,44.84950519136774,
2,Glca-Sp8,29.558,16.20098908914721,54.810843389766596,
3,Mana-Sp8,432.03594999999984,35.98645378866009,8.329504474954017,
4,GalNAca-Sp8,9.0075,5.914577976491641,65.66281406041233,
5,GalNAca-Sp15,16.916124999999997,2.2239252570997543,13.146777155523234,
6,Fuca-Sp8,-6.270199999999997,4.58849999963678,-73.17948390221655,
7,Fuca-Sp9,3.4190499999999986,12.227823501206858,357.63804276646624,
8,Rhaa-Sp8,-1.7988250000000003,4.41280847108732,-245.31616311132655,
9,Neu5Aca-Sp8,29.951625,17.63581548655557,58.88099722988508,
10,Neu5Aca-Sp11,-2.1172499999999994,1.7476372554585478,-82.54279161452584,
11,Neu5Acb-Sp8,6.41435,1.6153068738374916,25.182705556096746,
12,Galb-Sp8,16.223175,7.608936218848195,46.90164668043212,
13,Glcb-Sp8,11.14835,11.845817627753686,106.25624085854575,
14,Manb-Sp8,11.039250000000003,5.535423484853409,50.14311194015361,
15,GalNAcb-Sp8,1.8276,1.51756764813522,83.0360936821635,
16,GlcNAcb-Sp0,6.51065,2.737513646236914,42.04670265237594,
17,GlcNAcb-Sp8,10.160675,4.212997591086422,41.46375699534157,
18,GlcN(Gc)b-Sp8,6.720574999999998,4.091230380032393,60.87619556410565,
19,Galb1-4GlcNAcb1-6(Galb1-4GlcNAcb1-3)GalNAca-Sp8,8.11745,11.35092949042794,139.83368533748825,
20,Galb1-4GlcNAcb1-6(Galb1-4GlcNAcb1-3)GalNAc-Sp14,11.338600000000001,2.585576210441302,22.803310906472593,
21,GlcNAcb1-6(GlcNAcb1-4)(GlcNAcb1-3)GlcNAc-Sp8,13.796825000000002,3.218944751907573,23.331054441203484,
22,6S(3S)Galb1-4(6S)GlcNAcb-Sp0,10.067075000000003,5.6011483384362055,55.63828955715741,
23,6S(3S)Galb1-4GlcNAcb-Sp0,14.367649999999998,9.940806446326851,69.18881268910958,
24,(3S)Galb1-4(Fuca1-3)(6S)Glc-Sp0,19.814299999999996,8.515055223935258,42.97429242484095,
25,(3S)Galb1-4Glcb-Sp8,16.653200000000002,10.68235732567177,64.14597390094258,
26,(3S)Galb1-4(6S)Glcb-Sp0,16.093149999999998,9.030586605346672,56.1144748252932,
27,(3S)Galb1-4(6S)Glcb-Sp8,23.07357500000001,14.695522158892464,63.68983635562525,
28,(3S)Galb1-3(Fuca1-4)GlcNAcb-Sp8,12.164775,4.734891656187431,38.922969444049976,
29,(3S)Galb1-3GalNAca-Sp8,18.348399999999998,8.780491362484598,47.85426174753439,
30,(3S)Galb1-3GlcNAcb-Sp0,18.706400000000002,7.24537554444213,38.73206787218347,
31,(3S)Galb1-3GlcNAcb-Sp8,16.853825,4.283191368886046,25.41376434658628,
32,(3S)Galb1-4(Fuca1-3)GlcNAc-Sp0 ,12.16825,10.021916619921896,82.36119918576537,
33,(3S)Galb1-4(Fuca1-3)GlcNAc-Sp8,25.959100000000007,7.8183101597041675,30.117801309383474,
34,(3S)Galb1-4(6S)GlcNAcb-Sp0,7.51125,7.0260998277849716,93.54101950787114,
35,(3S)Galb1-4(6S)GlcNAcb-Sp8,16.700825000000002,4.790382849261633,28.683510241330186,
36,(3S)Galb1-4GlcNAcb-Sp0,15.859275,8.93524454855602,56.340813489620544,
37,(3S)Galb1-4GlcNAcb-Sp8,3.4598999999999993,7.606255753873475,219.8403350927332,
38,(3S)Galb-Sp8,9.291499999999997,2.3698219300192274,25.50526750276304,
39,(6S)(4S)Galb1-4GlcNAcb-Sp0,11.137899999999998,16.70724036957231,150.00350487589503,
40,(4S)Galb1-4GlcNAcb-Sp8,2.650249999999999,2.62733650236635,99.13542127596835,
41,(6P)Mana-Sp8,11.113525,4.525388668667046,40.71965167367731,
42,(6S)Galb1-4Glcb-Sp0,10.660050000000002,8.436939970352599,79.14540710740191,
43,(6S)Galb1-4Glcb-Sp8,4.925900000000001,5.076518884695169,103.0576926997131,
44,(6S)Galb1-4GlcNAcb-Sp8,11.496625000000003,20.465347839437438,178.01178902014664,
45,(6S)Galb1-4(6S)Glcb-Sp8,1.9216749999999996,4.170428401155769,217.02048479351453,
46,Neu5Aca2-3(6S)Galb1-4GlcNAcb-Sp8,-4.34075,6.317660824756787,-145.54307031634596,
47,(6S)GlcNAcb-Sp8,4.795925,7.268199402133012,151.54948007179036,
48,"Neu5,9Ac2a-Sp8",14.519725000000001,4.495492313696015,30.961277253501805,
49,"Neu5,9Ac2a2-6Galb1-4GlcNAcb-Sp8",10.446324999999998,8.440417819189992,80.79796310367516,
50,Mana1-6(Mana1-3)Manb1-4GlcNAcb1-4GlcNAcb-Sp12,20978.189599999998,200.36202047117186,0.9550968138412281,
51,Mana1-6(Mana1-3)Manb1-4GlcNAcb1-4GlcNAcb-Sp13,18649.64435,388.49191747679254,2.083106305867932,
52,GlcNAcb1-2Mana1-6(GlcNAcb1-2Mana1-3)Manb1-4GlcNAcb1-4GlcNAcb-Sp12,775.9010500000002,26.040021156473212,3.356100775540026,
53,GlcNAcb1-2Mana1-6(GlcNAcb1-2Mana1-3)Manb1-4GlcNAcb1-4GlcNAcb-Sp13,8719.43665,454.69651285257777,5.214746446406923,
54,Galb1-4GlcNAcb1-2Mana1-6(Galb1-4GlcNAcb1-2Mana1-3)Manb1-4GlcNAcb1-4GlcNAcb-Sp12,271.231,7.7334594350338905,2.8512446715286566,
55,Neu5Aca2-6Galb1-4GlcNAcb1-2Mana1-6(Neu5Aca2-6Galb1-4GlcNAcb1-2Mana1-3)Manb1-4GlcNAcb1-4GlcNAcb-Sp12,169.376375,20.930103883382042,12.357156588917459,
56,Neu5Aca2-6Galb1-4GlcNAcb1-2Mana1-6(Neu5Aca2-6Galb1-4GlcNAcb1-2Man-a1-3)Manb1-4GlcNAcb1-4GlcNAcb-Sp21,77.35605000000001,24.67030257151301,31.891885083988914,
57,Neu5Aca2-6Galb1-4GlcNAcb1-2Mana1-6(Neu5Aca2-6Galb1-4GlcNAcb1-2Mana1-3)Manb1-4GlcNAcb1-4GlcNAcb-Sp24,473.11305000000004,31.053187103687154,6.5635870969289805,
58,Fuca1-2Galb1-3GalNAcb1-3Gala-Sp9,9.749749999999999,11.123929986145484,114.09451510187938,
59,Fuca1-2Galb1-3GalNAcb1-3Gala1-4Galb1-4Glcb-Sp9,6.254275,3.283644625894627,52.5024023710922,
60,Fuca1-2Galb1-3(Fuca1-4)GlcNAcb-Sp8,9.44765,5.828437812713342,61.69193199063622,
61,Fuca1-2Galb1-3GalNAca-Sp8,12.337225,5.408286590270534,43.83713995870655,
62,Fuca1-2Galb1-3GalNAca-Sp14,14.888650000000002,9.582059257278667,64.35814702661871,
63,Fuca1-2Galb1-3GalNAcb1-4(Neu5Aca2-3)Galb1-4Glcb-Sp0,59.658800000000014,8.906797698761597,14.929562275408816,
64,Fuca1-2Galb1-3GalNAcb1-4(Neu5Aca2-3)Galb1-4Glcb-Sp9,9.366125000000004,9.427453512437305,100.6547906678301,
65,Fuca1-2Galb1-3GlcNAcb1-3Galb1-4Glcb-Sp8,38.809425000000005,10.52603380144519,27.12236473857881,
66,Fuca1-2Galb1-3GlcNAcb1-3Galb1-4Glcb-Sp10,21.393425,13.67379292987745,63.91586634621361,
67,Fuca1-2Galb1-3GlcNAcb-Sp0,15.292575000000003,10.336494433277009,67.59158894611932,
68,Fuca1-2Galb1-3GlcNAcb-Sp8,5.108900000000001,2.3322757741456415,45.651231657414336,
69,Fuca1-2Galb1-4(Fuca1-3)GlcNAcb1-3Galb1-4(Fuca1-3)GlcNAcb-Sp0,25.011875,9.827331875395636,39.29066443597546,
70,Fuca1-2Galb1-4(Fuca1-3)GlcNAcb1-3Galb1-4(Fuca1-3)GlcNAcb1-3Galb1-4(Fuca1-3)GlcNAcb-Sp0,153.9875,3.3067126223296732,2.1473902896856387,
71,Fuca1-2Galb1-4(Fuca1-3)GlcNAcb-Sp0,17.661050000000003,7.765200723097886,43.96794484528318,
72,Fuca1-2Galb1-4(Fuca1-3)GlcNAcb-Sp8,0.44780000000000086,2.33216563448368,520.8051885850102,
73,Fuca1-2Galb1-4GlcNAcb1-3Galb1-4GlcNAcb-Sp0,13.715975,8.360566483747773,60.95495569033753,
74,Fuca1-2Galb1-4GlcNAcb1-3Galb1-4GlcNAcb1-3Galb1-4GlcNAcb-Sp0,40.293825,23.90909011295007,59.33685896772042,
75,Fuca1-2Galb1-4GlcNAcb-Sp0,1.3950749999999994,4.508264474920848,323.15570667676286,
76,Fuca1-2Galb1-4GlcNAcb-Sp8,9.2896,6.29356481124437,67.74850167116313,
77,Fuca1-2Galb1-4Glcb-Sp0,3.3867999999999983,5.75831573639376,170.0223141724862,
78,Fuca1-2Galb-Sp8,4.485275000000001,8.322015712704466,185.54081327687746,
79,Fuca1-3GlcNAcb-Sp8,0.6669250000000004,3.53542943207281,530.1089975743612,
80,Fuca1-4GlcNAcb-Sp8,7.636624999999999,9.827981140388564,128.69534827739434,
81,Fucb1-3GlcNAcb-Sp8,-3.976425000000001,7.123442087631044,-179.14186958464052,
82,GalNAca1-3(Fuca1-2)Galb1-3GlcNAcb-Sp0,20.307625,15.834410086343611,77.97273234237687,
83,GalNAca1-3(Fuca1-2)Galb1-4(Fuca1-3)GlcNAcb-Sp0,5.783849999999999,3.0618023902052673,52.93709882181017,
84,(3S)Galb1-4(Fuca1-3)Glcb-Sp0,16.231675000000003,4.821067407656386,29.70160139145458,
85,GalNAca1-3(Fuca1-2)Galb1-4GlcNAcb-Sp0,7.366124999999999,13.501420937905017,183.2906845580956,
86,GalNAca1-3(Fuca1-2)Galb1-4GlcNAcb-Sp8,10.044874999999998,8.53485982129564,84.96730742090512,
87,GalNAca1-3(Fuca1-2)Galb1-4Glcb-Sp0,7.40235,3.632461642376051,49.07173589976225,
88,GlcNAcb1-3Galb1-3GalNAca-Sp8,4.398950000000001,6.03599010022382,137.2143375174489,
89,GalNAca1-3(Fuca1-2)Galb-Sp8,11.186174999999999,4.175636592085879,37.328546997395264,
90,GalNAca1-3(Fuca1-2)Galb-Sp18,2.35725,5.969131160953547,253.22435723633672,
91,GalNAca1-3GalNAcb-Sp8,7.721899999999999,5.209195921956995,67.46002825673727,
92,GalNAca1-3Galb-Sp8,10.92185,1.7134512258402173,15.688287477306659,
93,GalNAca1-4(Fuca1-2)Galb1-4GlcNAcb-Sp8,11.489175000000003,9.361442733316624,81.48054784888055,
94,GalNAcb1-3GalNAca-Sp8,7.406000000000001,6.319090242010049,85.32392981380028,
95,GalNAcb1-3(Fuca1-2)Galb-Sp8,2.35375,1.9725989666765342,83.80664754865786,
96,GalNAcb1-3Gala1-4Galb1-4GlcNAcb-Sp0,13.583549999999995,14.83444089104811,109.20886580494876,
97,GalNAcb1-4(Fuca1-3)GlcNAcb-Sp0,23.41065,11.80414980744768,50.42213611090541,
98,GalNAcb1-4GlcNAcb-Sp0,18.261624999999995,5.161522683197924,28.26431209269671,
99,GalNAcb1-4GlcNAcb-Sp8,4.331725,0.6411200947040474,14.800572397925709,
100,Gala1-2Galb-Sp8,26.527475000000003,9.928788979654051,37.42832282248518,
101,Gala1-3(Fuca1-2)Galb1-3GlcNAcb-Sp0,18.5314,7.546292491018344,40.72165346934578,
102,Gala1-3(Fuca1-2)Galb1-3GlcNAcb-Sp8,10.461275,10.535785862597058,100.71225412387167,
103,Gala1-3(Fuca1-2)Galb1-4(Fuca1-3)GlcNAcb-Sp0,9.658324999999998,5.131209777674269,53.12732567680494,
104,Gala1-3(Fuca1-2)Galb1-4(Fuca1-3)GlcNAcb-Sp8,12.532925,10.54558445681572,84.14304287958093,
105,Gala1-3(Fuca1-2)Galb1-4GlcNAc-Sp0,24.720850000000002,7.256557205038768,29.35399553429096,
106,Gala1-3(Fuca1-2)Galb1-4Glcb-Sp0,8.087399999999999,6.400970255099353,79.14744238073243,
107,Gala1-3(Fuca1-2)Galb-Sp8,8.51395,8.429792088578859,99.01152917950962,
108,Gala1-3(Fuca1-2)Galb-Sp18,-0.6725749999999993,3.017472950859157,-448.6448278421232,
109,Gala1-4(Gala1-3)Galb1-4GlcNAcb-Sp8,10.0739,5.671074548972175,56.294727453837886,
110,Gala1-3GalNAca-Sp8,7.169875000000001,7.059223448026468,98.45671574506483,
111,Gala1-3GalNAca-Sp16,6.393375000000001,14.365714079101672,224.69687886447565,
112,Gala1-3GalNAcb-Sp8,17.006049999999988,12.3553106418525,72.65244217118324,
113,Gala1-3Galb1-4(Fuca1-3)GlcNAcb-Sp8,0.03925000000000001,7.494514193506254,19094.303677722935,
114,Gala1-3Galb1-3GlcNAcb-Sp0,16.306725,9.75992493529023,59.852146493488,
115,Gala1-3Galb1-4GlcNAcb-Sp8,8.672274999999999,3.1802328818028545,36.671264250762974,
116,Gala1-3Galb1-4Glcb-Sp0,-8.729824999999998,5.4744326033998,-62.70953430795922,
117,Gala1-3Galb1-4Glc-Sp10,19.786750000000005,11.130614756457376,56.25287000875522,
118,Gala1-3Galb-Sp8,-33.846424999999996,23.42353068993872,-69.20533170028658,
119,Gala1-4(Fuca1-2)Galb1-4GlcNAcb-Sp8,-36.61125,6.2042601909226045,-16.94632166594313,
120,Gala1-4Galb1-4GlcNAcb-Sp0,-17.406150000000004,16.327332729812294,-93.80209138616115,
121,Gala1-4Galb1-4GlcNAcb-Sp8,-10.564175000000002,3.1537986094813637,-29.853714175327113,
122,Gala1-4Galb1-4Glcb-Sp0,-25.29444999999999,30.866515649324608,-122.02880730486181,
123,Gala1-4GlcNAcb-Sp8,6.330275,7.351475067574303,116.13200165197092,
124,Gala1-6Glcb-Sp8,-7.0725750000000005,11.767121382160553,-166.37676351485214,
125,Galb1-2Galb-Sp8,-28.534125,15.784173655146885,-55.31683083026686,
126,Galb1-3(Fuca1-4)GlcNAcb1-3Galb1-4(Fuca1-3)GlcNAcb-Sp0,-27.3768,8.918001600508205,-32.57503287640705,
127,Galb1-3GlcNAcb1-3Galb1-4(Fuca1-3)GlcNAcb-Sp0,10.485499999999998,3.0111753497042826,28.71751799822882,
128,Galb1-3(Fuca1-4)GlcNAc-Sp0 ,3.143525000000001,3.081467397604588,98.02585942865373,
129,Galb1-3(Fuca1-4)GlcNAc-Sp8 ,5.872424999999999,3.755199222744379,63.94631217502786,
130,Fuca1-4(Galb1-3)GlcNAcb-Sp8,5.316774999999999,5.046485508665083,94.91628870255153,
131,Galb1-4GlcNAcb1-6GalNAca-Sp8,24.138175000000004,11.960431648112317,49.54985887753451,
132,Galb1-4GlcNAcb1-6GalNAc-Sp14,12.257199999999997,5.045145265830662,41.1606669209172,
133,GlcNAcb1-6(Galb1-3)GalNAca-Sp8 ,18.021675,10.34900549565833,57.425325313314836,
134,GlcNAcb1-6(Galb1-3)GalNAca-Sp14,10.667124999999999,5.772891134936929,54.11852898449141,
135,Neu5Aca2-6(Galb1-3)GalNAca-Sp8,20.500474999999994,23.735544175964673,115.78045960381249,
136,Neu5Aca2-6(Galb1-3)GalNAca-Sp14,-3.19655,2.030880000558051,-63.53349706896658,
137,Neu5Acb2-6(Galb1-3)GalNAca-Sp8,17.097550000000002,11.43512187560762,66.88164020931431,
138,Neu5Aca2-6(Galb1-3)GlcNAcb1-4Galb1-4Glcb-Sp10,3.16735,4.909678287152155,155.0090229103874,
139,Galb1-3GalNAca-Sp8,14.083850000000002,7.226992040261283,51.31403728569448,
140,Galb1-3GalNAca-Sp14,20.246425,8.942358760929176,44.167593839056416,
141,Galb1-3GalNAca-Sp16,8.389274999999998,5.101378451866387,60.80833506907795,
142,Galb1-3GalNAcb-Sp8,0.18119999999999958,3.271646381665763,1805.5443607426992,
143,Galb1-3GalNAcb1-3Gala1-4Galb1-4Glcb-Sp0,18.551224999999995,9.007492669022833,48.55470551956992,
144,Galb1-3GalNAcb1-4(Neu5Aca2-3)Galb1-4Glcb-Sp0,4.329574999999999,3.1969873072159687,73.84067275000362,
145,Galb1-3GalNAcb1-4Galb1-4Glcb-Sp8,6.969675,10.371414036467415,148.80771393884817,
146,Galb1-3Galb-Sp8,2.206399999999997,7.041183712984625,319.1254402186655,
147,Galb1-3GlcNAcb1-3Galb1-4GlcNAcb-Sp0,7.570324999999999,5.837677920985934,77.11264603548639,
148,Galb1-3GlcNAcb1-3Galb1-4Glcb-Sp10,5.68595,7.643508206096636,134.42798839414058,
149,Galb1-3GlcNAcb-Sp0,9.100050000000001,9.413211438009165,103.44131557528986,
150,Galb1-3GlcNAcb-Sp8,17.9722,13.957242354419444,77.66017713145548,
151,Galb1-4(Fuca1-3)GlcNAcb-Sp0,5.67225,4.232055678981551,74.60982289182513,
152,Galb1-4(Fuca1-3)GlcNAcb-Sp8,8.953075000000002,4.062950276482179,45.38050085006747,
153,Galb1-4(Fuca1-3)GlcNAcb1-3Galb1-4(Fuca1-3)GlcNAcb-Sp0,72.38319999999999,19.057121362017618,26.32810011441553,
154,Galb1-4(Fuca1-3)GlcNAcb1-3Galb1-4(Fuca1-3)GlcNAcb1-3Galb1-4(Fuca1-3)GlcNAcb-Sp0,5.8751500000000005,7.753408716816107,131.96954489359604,
155,Galb1-4(6S)Glcb-Sp0,7.185850000000001,2.0379879383025497,28.361125521720453,
156,Galb1-4(6S)Glcb-Sp8,20.075225000000003,11.51373972619235,57.35297973592998,
157,Galb1-4GalNAca1-3(Fuca1-2)Galb1-4GlcNAcb-Sp8,4.354275000000001,1.5792120405970413,36.268082300659486,
158,Galb1-4GalNAcb1-3(Fuca1-2)Galb1-4GlcNAcb-Sp8,1.5333249999999996,10.100287395374782,658.7179753395258,
159,Galb1-4GlcNAcb1-3GalNAca-Sp8,5.881025000000004,2.532768323889889,43.066783832578295,
160,Galb1-4GlcNAcb1-3GalNAc-Sp14,9.344625000000002,2.794951550414906,29.909724043660447,
161,Galb1-4GlcNAcb1-3Galb1-4(Fuca1-3)GlcNAcb1-3Galb1-4(Fuca1-3)GlcNAcb-Sp0,108.39532500000001,13.812357779991586,12.742577025339038,
162,Galb1-4GlcNAcb1-3Galb1-4GlcNAcb1-3Galb1-4GlcNAcb-Sp0,1.4012000000000011,3.1944699988156606,227.98101618724365,
163,Galb1-4GlcNAcb1-3Galb1-4GlcNAcb-Sp0,2.2721999999999998,2.5970053779946887,114.29475301446568,
164,Galb1-4GlcNAcb1-3Galb1-4Glcb-Sp0,6.290825,4.7753545127560955,75.90982919976467,
165,Galb1-4GlcNAcb1-3Galb1-4Glcb-Sp8,12.265975000000003,5.920369750488555,48.26660539002039,
166,Galb1-4GlcNAcb1-6(Galb1-3)GalNAca-Sp8,9.99365,6.620199380935087,66.24405878668041,
167,Galb1-4GlcNAcb1-6(Galb1-3)GalNAc-Sp14,5.6366000000000005,5.91620877871406,104.96059288780575,
168,Galb1-4GlcNAcb-Sp0,0.49505,4.516637757226053,912.3599145997481,
169,Galb1-4GlcNAcb-Sp8,-4.194800000000001,10.722376160472392,-255.61114142443952,
170,Galb1-4GlcNAcb-Sp23,0.1681499999999989,1.9973886043198164,1187.8611979303178,
171,Galb1-4Glcb-Sp0,10.645225000000003,7.3756628887962785,69.2861155005768,
172,Galb1-4Glcb-Sp8,3.6315999999999997,2.120912242408913,58.40159275275122,
173,GlcNAca1-3Galb1-4GlcNAcb-Sp8,2527.2797250000003,186.6896965210147,7.386981926625263,
174,GlcNAca1-6Galb1-4GlcNAcb-Sp8,21.318199999999997,9.560471757188543,44.846524365042754,
175,GlcNAcb1-2Galb1-3GalNAca-Sp8,7.591300000000002,5.4437149343685025,71.7099170678079,
176,GlcNAcb1-6(GlcNAcb1-3)GalNAca-Sp8,11.576374999999999,6.524138502706698,56.35735282164494,
177,GlcNAcb1-6(GlcNAcb1-3)GalNAca-Sp14,11.001049999999992,16.22430399996732,147.47959512925883,
178,GlcNAcb1-6(GlcNAcb1-3)Galb1-4GlcNAcb-Sp8,5.865425,3.5032164995186945,59.72655859581691,
179,GlcNAcb1-3GalNAca-Sp8,12.604825000000002,12.443988131724488,98.7240055433097,
180,GlcNAcb1-3GalNAca-Sp14,-0.560150000000001,3.1690163947193457,-565.7442461339534,
181,GlcNAcb1-3Galb-Sp8,13.2803,4.066377725527573,30.61962248991042,
182,GlcNAcb1-3Galb1-4GlcNAcb-Sp0,14.986675000000004,6.632903055915001,44.25867015809043,
183,GlcNAcb1-3Galb1-4GlcNAcb-Sp8,7.006500000000001,4.708751063711053,67.20546726198604,
184,GlcNAcb1-3Galb1-4GlcNAcb1-3Galb1-4GlcNAcb-Sp0,3.6948499999999997,4.009270234926385,108.50968875397879,
185,GlcNAcb1-3Galb1-4Glcb-Sp0,5.3291249999999994,7.185116207538563,134.8273160704349,
186,GlcNAcb1-4-MDPLys,9.226374999999997,8.834076181610614,95.74807203924203,
187,GlcNAcb1-6(GlcNAcb1-4)GalNAca-Sp8,2.752675,10.7206136663206,389.4616569816851,
188,GlcNAcb1-4Galb1-4GlcNAcb-Sp8,22.63375,4.490643981657882,19.840477082489123,
189,GlcNAcb1-4GlcNAcb1-4GlcNAcb1-4GlcNAcb1-4GlcNAcb1-4GlcNAcb1-Sp8,7.556825,11.351605870353035,150.2166038032247,
190,GlcNAcb1-4GlcNAcb1-4GlcNAcb1-4GlcNAcb1-4GlcNAcb1-Sp8,8.205549999999997,4.713363917274669,57.44116990664453,
191,GlcNAcb1-4GlcNAcb1-4GlcNAcb-Sp8,10.261624999999999,9.217091691480924,89.82097563963724,
192,GlcNAcb1-6GalNAca-Sp8,5.131625,3.0493412757238794,59.42252747860336,
193,GlcNAcb1-6GalNAca-Sp14,0.29007500000000164,3.112229327855942,1072.9050514025423,
194,GlcNAcb1-6Galb1-4GlcNAcb-Sp8,3.915474999999999,5.218015943105193,133.26648601013147,
195,Glca1-4Glcb-Sp8,431.3869,81.68200127057743,18.93474309733963,
196,Glca1-4Glca-Sp8,14.13625,6.233896015868943,44.098654281502824,
197,Glca1-6Glca1-6Glcb-Sp8,42.589349999999996,30.211442195355918,70.93661254599077,
198,Glcb1-4Glcb-Sp8,3.7243499999999994,4.817392866478717,129.348553881314,
199,Glcb1-6Glcb-Sp8,387.7818,60.79434697266974,15.67746267944234,
200,G-ol-Sp8,6.475774999999999,5.113094921457396,78.95726645007582,
201,GlcAa-Sp8,6.675049999999997,3.441324161327053,51.55503196720706,
202,GlcAb-Sp8,11.41505,8.17860249940864,71.64753986542888,
203,GlcAb1-3Galb-Sp8,21.515950000000004,3.1054555870810776,14.43327200091596,
204,GlcAb1-6Galb-Sp8,9.803650000000001,7.7284849375540565,78.83273002967319,
205,KDNa2-3Galb1-3GlcNAcb-Sp0,9.928650000000001,6.969722927778408,70.19809266897722,
206,KDNa2-3Galb1-4GlcNAcb-Sp0,6.88015,7.906807070071544,114.92201580011401,
207,Mana1-2Mana1-2Mana1-3Mana-Sp9,8354.439049999999,319.7248942275072,3.8270061258931234,
208,Mana1-2Mana1-6(Mana1-2Mana1-3)Mana-Sp9,8707.460625000002,267.729423738567,3.0747129992168865,
209,Mana1-2Mana1-3Mana-Sp9,13490.149250000002,2551.9254230814527,18.916954703680926,
210,Mana1-6(Mana1-2Mana1-3)Mana1-6(Mana1-2Mana1-3)Manb1-4GlcNAcb1-4GlcNAcb-Sp12,11885.144649999998,748.2560484869582,6.295725214307411,
211,Mana1-2Mana1-6(Mana1-3)Mana1-6(Mana1-2Mana1-2Mana1-3)Manb1-4GlcNAcb1-4GlcNAcb-Sp12,15390.123500000002,1060.8194824662005,6.892858803025202,
212,Mana1-2Mana1-6(Mana1-2Mana1-3)Mana1-6(Mana1-2Mana1-2Mana1-3)Manb1-4GlcNAcb1-4GlcNAcb-Sp12,9918.307599999998,1056.6207934002264,10.653236782051675,
213,Mana1-6(Mana1-3)Mana-Sp9,10130.573925,2526.3245763651425,24.937625400775527,
214,Mana1-2Mana1-2Mana1-6(Mana1-3)Mana-Sp9,18223.415825000004,3869.2996787651555,21.232570863345014,
215,Mana1-6(Mana1-3)Mana1-6(Mana1-2Mana1-3)Manb1-4GlcNAcb1-4GlcNAcb-Sp12,17344.93885,1117.1574909693777,6.440826921504988,
216,Mana1-6(Mana1-3)Mana1-6(Mana1-3)Manb1-4GlcNAcb1-4GlcNAcb-Sp12,10279.286175000001,362.5793798159313,3.5272816968336937,
217,Manb1-4GlcNAcb-Sp0,13.894775,10.229316840133231,73.61988114333073,
218,Neu5Aca2-3Galb1-4GlcNAcb1-3Galb1-4(Fuca1-3)GlcNAcb-Sp0,10.466000000000001,8.016724189260017,76.59778510663115,
219,(3S)Galb1-4(Fuca1-3)(6S)GlcNAcb-Sp8 ,50.265275,11.371888910635459,22.623747528757097,
220,Fuca1-2(6S)Galb1-4GlcNAcb-Sp0,5.731299999999997,5.469129329853769,95.42563344884705,
221,Fuca1-2Galb1-4(6S)GlcNAcb-Sp8,0.4836000000000005,8.475893611885418,1752.6661728464453,
222,Fuca1-2(6S)Galb1-4(6S)Glcb-Sp0,40.32405000000001,22.91848340306721,56.83576774423007,
223,Neu5Aca2-3Galb1-3GalNAca-Sp8,7.09835,3.747280940006153,52.79087309031188,
224,Neu5Aca2-3Galb1-3GalNAca-Sp14,14.648349999999997,7.018592195257789,47.913875591843386,
225,GalNAcb1-4(Neu5Aca2-8Neu5Aca2-8Neu5Aca2-8Neu5Aca2-3)Galb1-4Glcb-Sp0,20.104225,8.639332260607116,42.97271971740824,
226,GalNAcb1-4(Neu5Aca2-8Neu5Aca2-8Neu5Aca2-3)Galb1-4Glcb-Sp0,11.75875,1.5434586475402574,13.126043563646284,
227,Neu5Aca2-8Neu5Aca2-8Neu5Aca2-3Galb1-4Glcb-Sp0,9.267649999999996,10.771006149380847,116.22154644792208,
228,GalNAcb1-4(Neu5Aca2-8Neu5Aca2-3)Galb1-4Glcb-Sp0,22.38300000000001,8.795337169205016,39.294719962493915,
229,Neu5Aca2-8Neu5Aca2-8Neu5Aca-Sp8,16.514725000000002,15.594963900647539,94.43066052052055,
230,Neu5Aca2-3(6S)Galb1-4(Fuca1-3)GlcNAcb-Sp8,-0.18835000000000157,11.582083376923169,-6149.234604153476,
231,GalNAcb1-4(Neu5Aca2-3)Galb1-4GlcNAcb-Sp0,5.790825000000002,9.147372365648692,157.96319808746924,
232,GalNAcb1-4(Neu5Aca2-3)Galb1-4GlcNAcb-Sp8,-2.1908749999999984,6.582670939355404,-300.4585354872099,
233,GalNAcb1-4(Neu5Aca2-3)Galb1-4Glcb-Sp0,21.502225000000003,4.274330971723322,19.878551971823015,
234,Neu5Aca2-3Galb1-3GalNAcb1-4(Neu5Aca2-3)Galb1-4Glcb-Sp0,8.159949999999998,10.329459146054065,126.5872848002018,
235,Neu5Aca2-6(Neu5Aca2-3)GalNAca-Sp8,11.890050000000002,4.788054025384427,40.26941876093394,
236,Neu5Aca2-3GalNAca-Sp8,2.22025,1.538234705758517,69.28204957813386,
237,Neu5Aca2-3GalNAcb1-4GlcNAcb-Sp0,11.516375000000002,5.119345822384597,44.45275377351464,
238,Neu5Aca2-3Galb1-3(6S)GlcNAc-Sp8,11.159175,7.484657618254824,67.07178279984699,
239,Neu5Aca2-3Galb1-3(Fuca1-4)GlcNAcb-Sp8,21.461875,16.81982154986085,78.37069943730849,
240,Neu5Aca2-3Galb1-3(Fuca1-4)GlcNAcb1-3Galb1-4(Fuca1-3)GlcNAcb-Sp0,250.29575,28.3617084763356,11.331278488082837,
241,Neu5Aca2-3Galb1-4(Neu5Aca2-3Galb1-3)GlcNAcb-Sp8,2.7952750000000006,2.367347469743298,84.691040049487,
242,Neu5Aca2-3Galb1-3(6S)GalNAca-Sp8,-35.172525,13.394629022205153,-38.08264838024894,
243,Neu5Aca2-6(Neu5Aca2-3Galb1-3)GalNAca-Sp8,-75.038,5.891493135021024,-7.85134616463795,
244,Neu5Aca2-6(Neu5Aca2-3Galb1-3)GalNAca-Sp14,91.42179999999999,13.297323336170615,14.545024639824,
245,Neu5Aca2-3Galb-Sp8,4.66215,4.661258947609183,99.98088752204849,
246,Neu5Aca2-3Galb1-3GalNAcb1-3Gala1-4Galb1-4Glcb-Sp0,3.7870250000000016,6.7320536086076,177.7662837876063,
247,Neu5Aca2-3Galb1-3GlcNAcb1-3Galb1-4GlcNAcb-Sp0,9.762600000000003,14.736907366427557,150.95269053763909,
248,Fuca1-2(6S)Galb1-4Glcb-Sp0,2.4490999999999996,4.956211570679102,202.36868934217068,
249,Neu5Aca2-3Galb1-3GlcNAcb-Sp0,9.682249999999998,2.8542898445439366,29.479613153388286,
250,Neu5Aca2-3Galb1-3GlcNAcb-Sp8,7.569175000000001,5.798572150897721,76.60771683700959,
251,Neu5Aca2-3Galb1-4(6S)GlcNAcb-Sp8,11.181125,8.284375863183659,74.0925073566717,
252,Neu5Aca2-3Galb1-4(Fuca1-3)(6S)GlcNAcb-Sp8,1.4114999999999993,5.4789509731942925,388.16514156530604,
253,Neu5Aca2-3Galb1-4(Fuca1-3)GlcNAcb1-3Galb1-4(Fuca1-3)GlcNAcb1-3Galb1-4(Fuca1-3)GlcNAcb-Sp0,147.26065,34.58031198871205,23.482384458246006,
254,Neu5Aca2-3Galb1-4(Fuca1-3)GlcNAcb-Sp0,0.1984499999999998,2.792598504977041,1407.2050919511432,
255,Neu5Aca2-3Galb1-4(Fuca1-3)GlcNAcb-Sp8,1.546425000000001,5.306959399615439,343.175996224546,
256,Neu5Aca2-3Galb1-4(Fuca1-3)GlcNAcb1-3Galb-Sp8,6.1694749999999985,5.152835352421673,83.5214560788669,
257,Neu5Aca2-3Galb1-4(Fuca1-3)GlcNAcb1-3Galb1-4GlcNAcb-Sp8,23.549100000000003,7.084909620218617,30.085691683413017,
258,Neu5Aca2-3Galb1-4GlcNAcb1-3Galb1-4GlcNAcb1-3Galb1-4GlcNAcb-Sp0,-2.18625,3.0289627647100574,-138.54603840869333,
259,Neu5Aca2-3Galb1-4GlcNAcb-Sp0,29.083799999999993,8.19559773903041,28.179253532999166,
260,Neu5Aca2-3Galb1-4GlcNAcb-Sp8,9.110574999999999,5.906870536008612,64.83532088818338,
261,Neu5Aca2-3Galb1-4GlcNAcb1-3Galb1-4GlcNAcb-Sp0,4.444825000000002,5.881085483352542,132.31309406675265,
262,Fuca1-2Galb1-4(6S)Glcb-Sp0,3.1295499999999996,4.175738451659383,133.42935730885856,
263,Neu5Aca2-3Galb1-4Glcb-Sp0,5.346799999999999,3.3638012208412897,62.912419032716585,
264,Neu5Aca2-3Galb1-4Glcb-Sp8,3.8851750000000003,4.512492290205786,116.14643588012856,
265,Neu5Aca2-6GalNAca-Sp8,5.608775000000001,1.5808693649908758,28.185644191305148,
266,Neu5Aca2-6GalNAcb1-4GlcNAcb-Sp0,-0.5178500000000001,4.330231633912133,-836.1941940546744,
267,Neu5Aca2-6Galb1-4(6S)GlcNAcb-Sp8,7.905574999999998,10.754338604915075,136.03486912609236,
268,Neu5Aca2-6Galb1-4GlcNAcb-Sp0,0.945924999999999,3.6487659725583943,385.7352298076907,
269,Neu5Aca2-6Galb1-4GlcNAcb-Sp8,0.08602500000000024,5.057675916449506,5879.309405927918,
270,Neu5Aca2-6Galb1-4GlcNAcb1-3Galb1-4(Fuca1-3)GlcNAcb1-3Galb1-4(Fuca1-3)GlcNAcb-Sp0,233.07122499999997,2.497654001094253,1.0716269248141863,
271,Neu5Aca2-6Galb1-4GlcNAcb1-3Galb1-4GlcNAcb-Sp0,-1.4399499999999987,5.630824945186394,-391.0430879673877,
272,Neu5Aca2-6Galb1-4Glcb-Sp0,6.4426,4.027980889560757,62.521045689019296,
273,Neu5Aca2-6Galb1-4Glcb-Sp8,3.3249499999999985,3.577757567247955,107.60334944128351,
274,Neu5Aca2-6Galb-Sp8,11.416425000000002,15.009171733393547,131.46998060595627,
275,Neu5Aca2-8Neu5Aca-Sp8,-12.6364,6.17835649559546,-48.89332796995552,
276,Neu5Aca2-8Neu5Aca2-3Galb1-4Glcb-Sp0,4.888700000000001,8.287056997511236,169.51453346515913,
277,Galb1-3(Fuca1-4)GlcNAcb1-3Galb1-3(Fuca1-4)GlcNAcb-Sp0,68.71985,30.335637946316574,44.14392340250535,
278,Neu5Acb2-6GalNAca-Sp8,10.12585,9.941996954837595,98.18431988265277,
279,Neu5Acb2-6Galb1-4GlcNAcb-Sp8,-1.3743250000000007,5.441748131728142,-395.95787981213607,
280,Neu5Gca2-3Galb1-3(Fuca1-4)GlcNAcb-Sp0,81.6927,24.943221777602503,30.532987375374425,
281,Neu5Gca2-3Galb1-3GlcNAcb-Sp0,7.44455,2.1346584121743204,28.674109411238025,
282,Neu5Gca2-3Galb1-4(Fuca1-3)GlcNAcb-Sp0,2.609824999999999,9.622848031767939,368.7162178218058,
283,Neu5Gca2-3Galb1-4GlcNAcb-Sp0,4.471825000000001,7.918795386241941,177.08196063669618,
284,Neu5Gca2-3Galb1-4Glcb-Sp0,-5.732299999999998,3.2367531169367916,-56.46517308823322,
285,Neu5Gca2-6GalNAca-Sp0,4.5746249999999975,11.169974633028493,244.17246513164469,
286,Neu5Gca2-6Galb1-4GlcNAcb-Sp0,14.524500000000003,10.820694578137427,74.49960121269183,
287,Neu5Gca-Sp8,14.042175,11.373727094895793,80.99690464543986,
288,Neu5Aca2-3Galb1-4GlcNAcb1-6(Galb1-3)GalNAca-Sp14,6.4872499999999995,11.773147856740211,181.48133425935816,
289,Galb1-3GlcNAcb1-3Galb1-3GlcNAcb-Sp0,6.696675000000002,5.878739790904735,87.78595035453763,
290,Galb1-4(Fuca1-3)(6S)GlcNAcb-Sp0 ,8.899474999999999,4.1720192931600835,46.87938662853802,
291,Galb1-4(Fuca1-3)(6S)Glcb-Sp0,25.046600000000005,9.609946687677294,38.368268298600576,
292,Galb1-4(Fuca1-3)GlcNAcb1-3Galb1-3(Fuca1-4)GlcNAcb-Sp0,9.440024999999999,7.202055944601272,76.29276346833058,
293,Galb1-4GlcNAcb1-3Galb1-3GlcNAcb-Sp0,6.257200000000001,5.224876823428467,83.50183506086533,
294,Neu5Aca2-3Galb1-3GlcNAcb1-3Galb1-3GlcNAcb-Sp0       ,13.435699999999997,8.189488876195723,60.95319839082239,
295,Neu5Aca2-3Galb1-4GlcNAcb1-3Galb1-3GlcNAcb-Sp0,2.2338499999999994,1.4286373705971298,63.954042151314106,
296,4S(3S)Galb1-4GlcNAcb-Sp0,-6.934825,11.977303984168003,-172.71241861428373,
297,(6S)Galb1-4(6S)GlcNAcb-Sp0,-6.332075000000002,5.962706904516322,-94.16671319458978,
298,(6P)Glcb-Sp10,11.657125,7.395290206780258,63.44008670045365,
299,Neu5Aca2-3Galb1-4(Fuca1-3)GlcNAcb1-6(Galb1-3)GalNAca-Sp14,16.104125,7.589877186259353,47.13001908678275,
300,Galb1-3Galb1-4GlcNAcb-Sp8,2.074674999999999,3.0375123674645312,146.4090697321042,
301,Neu5Aca2-6Galb1-4GlcNAcb1-2Mana1-6(Galb1-4GlcNAcb1-2Mana1-3)Manb1-4GlcNAcb1-4GlcNAcb-Sp12,206.13432499999996,15.147844420109887,7.34853082819171,
302,Galb1-4GlcNAcb1-6(Galb1-4GlcNAcb1-3)Galb1-4GlcNAc-Sp0,8.079474999999997,9.59398776469757,118.74518783333785,
303,GlcNAcb1-6(Galb1-4GlcNAcb1-3)Galb1-4GlcNAc-Sp0,64.18315000000001,12.683137338082611,19.760852089812683,
304,Galb1-4GlcNAca1-6Galb1-4GlcNAcb-Sp0,7.063999999999998,6.153356843761516,87.10867559118796,
305,Galb1-4GlcNAcb1-6Galb1-4GlcNAcb-Sp0,0.9696500000000006,7.988355293592459,823.8390443554329,
306,GalNAcb1-3Galb-Sp8,124.60907500000003,18.897973497419297,15.165808346959716,
307,GlcAb1-3GlcNAcb-Sp8,63.441225,10.018863503869442,15.79235505598992,
308,Neu5Aca2-6Galb1-4GlcNAcb1-2Mana1-6(GlcNAcb1-2Mana1-3)Manb1-4GlcNAcb1-4GlcNAcb-Sp12,259.68339999999995,32.29795894242653,12.437436872139898,
309,GlcNAcb1-3Man-Sp10,42.77559999999999,10.595985620035618,24.77109758842803,
310,GlcNAcb1-4GlcNAcb-Sp10,10.551775000000001,6.394997728628733,60.60589548799831,
311,GlcNAcb1-4GlcNAcb-Sp12,9.158725,2.6173311335213256,28.577461748456535,
312,MurNAcb1-4GlcNAcb-Sp10,8.259350000000001,2.8150228909667216,34.08286234348613,
313,Mana1-6Manb-Sp10,343.93995,70.6351436007364,20.537057006822383,
314,Mana1-6(Mana1-3)Mana1-6(Mana1-3)Manb-Sp10,7806.2076,762.3395011110986,9.76581126424435,
315,Mana1-2Mana1-6(Mana1-3)Mana1-6(Mana1-2Mana1-2Mana1-3)Mana-Sp9,12185.213875000001,578.0683717082653,4.744014981093348,
316,Mana1-2Mana1-6(Mana1-2Mana1-3)Mana1-6(Mana1-2Mana1-2Mana1-3)Mana-Sp9,16248.315650000002,259.0896080789344,1.5945628682991173,
317,Neu5Aca2-3Galb1-4GlcNAcb1-6(Neu5Aca2-3Galb1-3)GalNAca-Sp14,7.482275,4.119726330210945,55.05980908495003,
318,Neu5Aca2-6Galb1-4GlcNAcb1-2Mana1-6(Neu5Aca2-3Galb1-4GlcNAcb1-2Mana1-3)Manb1-4GlcNAcb1-4GlcNAcb-Sp12,103.52130000000002,13.532225578718553,13.07192392166496,
319,Galb1-4GlcNAcb1-2Mana1-6(Neu5Aca2-6Galb1-4GlcNAcb1-2Mana1-3)Manb1-4GlcNAcb1-4GlcNAcb-Sp12,313.52574999999996,16.524742987916422,5.270617481312595,
320,GlcNAcb1-2Mana1-6(Neu5Aca2-6Galb1-4GlcNAcb1-2Mana1-3)Manb1-4GlcNAcb1-4GlcNAcb-Sp12,520.0745750000001,37.886187186304944,7.284760495416438,
321,Neu5Aca2-8Neu5Acb-Sp17,5.750075000000001,4.419435942421462,76.85875301489912,
322,Neu5Aca2-8Neu5Aca2-8Neu5Acb-Sp8,5.769325,3.862685060399483,66.95211416239304,
323,Neu5Gcb2-6Galb1-4GlcNAc-Sp8,0.2879500000000004,2.703943896730601,939.0324350514318,
324,Galb1-3GlcNAcb1-2Mana1-6(Galb1-3GlcNAcb1-2Mana1-3)Manb1-4GlcNAcb1-4GlcNAcb-Sp19,2145.894625,220.57594066527025,10.27897353838007,
325,Neu5Aca2-3Galb1-4GlcNAcb1-2Mana1-6(Neu5Aca2-3Galb1-4GlcNAcb1-2Mana1-3)Manb1-4GlcNAcb1-4GlcNAcb-Sp12,55.3073,8.614487177617383,15.575678396192515,
326,Neu5Aca2-3Galb1-4GlcNAcb1-2Mana1-6(Neu5Aca2-6Galb1-4GlcNAcb1-2Mana1-3)Manb1-4GlcNAcb1-4GlcNAcb-Sp12,283.234425,37.06926707641401,13.087839543662113,
327,Galb1-4(Fuca1-3)GlcNAcb1-2Mana1-6(Galb1-4(Fuca1-3)GlcNAcb1-2Mana1-3)Manb1-4GlcNAcb1-4GlcNAcb-Sp20,146.1917,24.679467173881424,16.881578895300777,
328,"Neu5,9Ac2a2-3Galb1-4GlcNAcb-Sp0",3.0981999999999985,2.0246107790552266,65.34796911287934,
329,"Neu5,9Ac2a2-3Galb1-3GlcNAcb-Sp0",4.5468,5.294298866390777,116.44010878839572,
330,Neu5Aca2-6Galb1-4GlcNAcb1-3Galb1-3GlcNAcb-Sp0,2.9099249999999994,8.602437260596556,295.62401988355566,
331,Neu5Aca2-3Galb1-3(Fuca1-4)GlcNAcb1-3Galb1-3(Fuca1-4)GlcNAcb-Sp0,203.48939999999996,18.817314812870745,9.247319424437219,
332,Neu5Aca2-6Galb1-4GlcNAcb1-3Galb1-4GlcNAcb1-3Galb1-4GlcNAcb-Sp0,17.954774999999998,4.469120892207521,24.890988008524317,
333,Gala1-4Galb1-4GlcNAcb1-3Galb1-4Glcb-Sp0,6.966275000000001,5.97291730919657,85.7404754936687,
334,GalNAcb1-3Gala1-4Galb1-4GlcNAcb1-3Galb1-4Glcb-Sp0,5.411574999999997,1.0119230944922102,18.699234409431835,
335,GalNAca1-3(Fuca1-2)Galb1-4GlcNAcb1-3Galb1-4GlcNAcb-Sp0,12.694949999999995,5.789119887916188,45.601754145673596,
336,GalNAca1-3(Fuca1-2)Galb1-4GlcNAcb1-3Galb1-4GlcNAcb1-3Galb1-4GlcNAcb-Sp0,12.065325,3.6613864271839223,30.346355586641245,
337,Neu5Aca2-3Galb1-4(Fuca1-3)GlcNAcb1-6(Neu5Aca2-3Galb1-3)GalNAc-Sp14,39.766324999999995,13.743208756661135,34.559916604466565,
338,GlcNAca1-4Galb1-4GlcNAcb1-3Galb1-4GlcNAcb1-3Galb1-4GlcNAcb-Sp0,1241.719375,76.98405465581139,6.199794913871856,
339,GlcNAca1-4Galb1-4GlcNAcb-Sp0,420.30889999999994,57.299582408135414,13.6327311670382,
340,GlcNAca1-4Galb1-3GlcNAcb-Sp0,858.6350499999999,65.89875948425467,7.67482756314859,
341,GlcNAca1-4Galb1-4GlcNAcb1-3Galb1-4Glcb-Sp0,227.36717499999997,20.66981726114648,9.090941672273706,
342,GlcNAca1-4Galb1-4GlcNAcb1-3Galb1-4(Fuca1-3)GlcNAcb1-3Galb1-4(Fuca1-3)GlcNAcb-Sp0,406.8814,26.61813112923869,6.541987696964936,
343,GlcNAca1-4Galb1-4GlcNAcb1-3Galb1-4GlcNAcb-Sp0,355.18667500000004,86.21981553337483,24.274507351204775,
344,GlcNAca1-4Galb1-3GalNAc-Sp14,62.89175000000001,32.69501609139634,51.98617639260529,
345,Neu5Aca2-6Galb1-4GlcNAcb1-2Mana1-6(Mana1-3)Manb1-4GlcNAcb1-4GlcNAc-Sp12,8919.10105,595.6119673112026,6.677937204346425,
346,Mana1-6(Neu5Aca2-6Galb1-4GlcNAcb1-2Mana1-3)Manb1-4GlcNAcb1-4GlcNAc-Sp12,7122.008574999999,624.0093516301196,8.761704581774104,
347,Neu5Aca2-6Galb1-4GlcNAcb1-2Mana1-6Manb1-4GlcNAcb1-4GlcNAc-Sp12,19.825775,6.4114196781342265,32.33880984795917,
348,Neu5Aca2-6Galb1-4GlcNAcb1-2Mana1-3Manb1-4GlcNAcb1-4GlcNAc-Sp12,84.83810000000003,26.392462250296667,31.1092094828817,
349,Galb1-4GlcNAcb1-2Mana1-3Manb1-4GlcNAcb1-4GlcNAc-Sp12,35.33455000000001,7.865525909308251,22.26015587946712,
350,Galb1-4GlcNAcb1-2Mana1-6Manb1-4GlcNAcb1-4GlcNAc-Sp12,21.184050000000013,11.451699864062435,54.058123277005244,
351,Mana1-6(Galb1-4GlcNAcb1-2Mana1-3)Manb1-4GlcNAcb1-4GlcNAcb-Sp12,9231.872424999998,2259.052104826274,24.47013997624945,
352,GlcNAcb1-2Mana1-6(GlcNAcb1-2Mana1-3)Manb1-4GlcNAcb1-4(Fuca1-6)GlcNAcb-Sp22,228.09707499999996,18.91354109703361,8.29188234747579,
353,Galb1-4GlcNAcb1-2Mana1-6(Galb1-4GlcNAcb1-2Mana1-3)Manb1-4GlcNAcb1-4(Fuca1-6)GlcNAcb-Sp22,169.69030000000004,34.65355020398318,20.42164472806234,
354,Galb1-3GlcNAcb1-2Mana1-6(Galb1-3GlcNAcb1-2Mana1-3)Manb1-4GlcNAcb1-4(Fuca1-6)GlcNAcb-Sp22,488.8502250000001,40.56784820974724,8.298625250657752,
355,(6S)GlcNAcb1-3Galb1-4GlcNAcb-Sp0,7.931425000000001,10.850003340514075,136.79765414807645,
356,KDNa2-3Galb1-4(Fuca1-3)GlcNAc-Sp0,10.273375000000001,5.2287956722843925,50.89657169415496,
357,KDNa2-6Galb1-4GlcNAc-Sp0,14.156124999999998,8.821818240542399,62.31803011447271,
358,KDNa2-3Galb1-4Glc-Sp0,12.130749999999999,10.02344490798116,82.62840226681088,
359,KDNa2-3Galb1-3GalNAca-Sp14,1.7744999999999997,8.907438121405429,501.9688994874855,
360,Fuca1-2Galb1-3GlcNAcb1-2Mana1-6(Fuca1-2Galb1-3GlcNAcb1-2Mana1-3)Manb1-4GlcNAcb1-4GlcNAcb-Sp20,838.4508,77.7770742150063,9.27628361914692,
361,Fuca1-2Galb1-4GlcNAcb1-2Mana1-6(Fuca1-2Galb1-4GlcNAcb1-2Mana1-3)Manb1-4GlcNAcb1-4GlcNAcb-Sp20,1167.2710749999997,46.45432494557809,3.979737521173315,
362,Fuca1-2Galb1-4(Fuca1-3)GlcNAcb1-2Mana1-6(Fuca1-2Galb1-4(Fuca1-3)GlcNAcb1-2Mana1-3)Manb1-4GlcNAcb1-4GlcNAb-Sp20,111.383125,15.065310821525424,13.525667215321372,
363,Gala1-3Galb1-4GlcNAcb1-2Mana1-6(Gala1-3Galb1-4GlcNAcb1-2Mana1-3)Manb1-4GlcNAcb1-4GlcNAcb-Sp20,326.81725,25.286421407085896,7.737174646407402,
364,Galb1-4GlcNAcb1-2Mana1-6(Mana1-3)Manb1-4GlcNAcb1-4GlcNAcb-Sp12,8922.994175,868.0778352971187,9.72854871663209,
365,Fuca1-4(Galb1-3)GlcNAcb1-2Mana1-6(Fuca1-4(Galb1-3)GlcNAcb1-2Mana1-3)Manb1-4GlcNAcb1-4(Fuca1-6)GlcNAcb-Sp22,2778.9826250000006,382.1302380103404,13.75072426047789,
366,Neu5Aca2-6GlcNAcb1-4GlcNAc-Sp21,12.280324999999998,4.475074711015078,36.4410120335991,
367,Neu5Aca2-6GlcNAcb1-4GlcNAcb1-4GlcNAc-Sp21,2.408649999999998,12.46554039408908,517.5322439577809,
368,Galb1-4(Fuca1-3)GlcNAcb1-6(Fuca1-2Galb1-4GlcNAcb1-3)Galb1-4Glc-Sp21,12.972324999999998,3.251528017589074,25.065113752462064,
369,Galb1-4GlcNAcb1-2Mana1-6(Galb1-4GlcNAcb1-4(Galb1-4GlcNAcb1-2)Mana1-3)Manb1-4GlcNAcb1-4GlcNAc-Sp21,92.20497499999999,17.26242191821596,18.721790140082962,
370,GalNAca1-3(Fuca1-2)Galb1-4GlcNAcb1-2Mana1-6(GalNAca1-3(Fuca1-2)Galb1-4GlcNAcb1-2Mana1-3)Manb1-4GlcNAcb1-4GlcNAcb-Sp20,538.376325,35.23037935167054,6.5438203196751905,
371,Gala1-3(Fuca1-2)Galb1-4GlcNAcb1-2Mana1-6(Gala1-3(Fuca1-2)Galb1-4GlcNAcb1-2Mana1-3)Manb1-4GlcNAcb1-4GlcNAcb-Sp20,494.68247500000007,30.887396151651796,6.243883240790325,
372,Gala1-3Galb1-4(Fuca1-3)GlcNAcb1-2Mana1-6(Gala1-3Galb1-4(Fuca1-3)GlcNAcb1-2Mana1-3)Manb1-4GlcNAcb1-4GlcNAcb-Sp20,63.93807500000002,8.538018388117353,13.353574357872597,
373,GalNAca1-3(Fuca1-2)Galb1-3GlcNAcb1-2Mana1-6(GalNAca1-3(Fuca1-2)Galb1-3GlcNAcb1-2Mana1-3)Manb1-4GlcNAcb1-4GlcNAcb-Sp20,179.3456,21.849507937098615,12.18290715640563,
374,Gala1-3(Fuca1-2)Galb1-3GlcNAcb1-2Mana1-6(Gala1-3(Fuca1-2)Galb1-3GlcNAcb1-2Mana1-3)Manb1-4GlcNAcb1-4GlcNAcb-Sp20,625.1252,42.33784581443422,6.7726986233212525,
375,Fuca1-4(Fuca1-2Galb1-3)GlcNAcb1-2Mana1-3(Fuca1-4(Fuca1-2Galb1-3)GlcNAcb1-2Mana1-3)Manb1-4GlcNAcb1-4GlcNAcb-Sp19,101.18395,14.456749665467886,14.287591723260345,
376,Neu5Aca2-3Galb1-4GlcNAcb1-3GalNAc-Sp14,14.943075,7.543051483042734,50.47857608318726,
377,Neu5Aca2-6Galb1-4GlcNAcb1-3GalNAc-Sp14,32.168825,16.535960216726636,51.403681100340584,
378,Neu5Aca2-3Galb1-4(Fuca1-3)GlcNAcb1-3GalNAca-Sp14,71.36854999999998,30.456028673537425,42.67429935670184,
379,GalNAcb1-4GlcNAcb1-2Mana1-6(GalNAcb1-4GlcNAcb1-2Mana1-3)Manb1-4GlcNAcb1-4GlcNAc-Sp12,22.6827,13.594613612260796,59.9338421451626,
380,Galb1-3GalNAca1-3(Fuca1-2)Galb1-4Glc-Sp0,10.721474999999998,3.9338564542316483,36.69137366110212,
381,Galb1-3GalNAca1-3(Fuca1-2)Galb1-4GlcNAc-Sp0,0.12282499999999974,4.974153741341333,4049.7893273693003,
382,Galb1-3GlcNAcb1-3Galb1-4GlcNAcb1-6(Galb1-3GlcNAcb1-3)Galb1-4Glcb-Sp0,8.47235,9.378126697267428,110.6909735465063,
383,Galb1-4(Fuca1-3)GlcNAcb1-6(Galb1-3GlcNAcb1-3)Galb1-4Glc-Sp21 ,-0.586125,3.565863955504567,-608.3794336540101,
384,Galb1-4GlcNAcb1-6(Fuca1-4(Fuca1-2Galb1-3)GlcNAcb1-3)Galb1-4Glc-Sp21,257.21647500000006,32.2063809563029,12.521119013198085,
385,Galb1-4(Fuca1-3)GlcNAcb1-6(Fuca1-4(Fuca1-2Galb1-3)GlcNAcb1-3)Galb1-4Glc-Sp21,10.405225,10.77924639430636,103.5945536430626,
386,Galb1-3GlcNAcb1-3Galb1-4(Fuca1-3)GlcNAcb1-6(Galb1-3GlcNAcb1-3)Galb1-4Glc-Sp21 ,2.0181750000000003,5.2036358150655895,257.8386817330305,
387,Galb1-4GlcNAcb1-6(Galb1-4GlcNAcb1-2)Mana1-6(Galb1-4GlcNAcb1-4(Galb1-4GlcNAcb1-2)Mana1-3)Manb1-4GlcNAcb1-4GlcNAcb-Sp21,1474.5785999999998,67.50321583100646,4.577797062225538,
388,GlcNAcb1-2Mana1-6(GlcNAcb1-4(GlcNAcb1-2)Mana1-3)Manb1-4GlcNAcb1-4GlcNAc-Sp21,32.56727500000001,5.053897128207047,15.518329759573207,
389,Fuca1-2Galb1-3GalNAca1-3(Fuca1-2)Galb1-4Glcb-Sp0,4.652150000000001,6.4916737885283995,139.54136879783323,
390,Fuca1-2Galb1-3GalNAca1-3(Fuca1-2)Galb1-4GlcNAcb-Sp0,2.8240499999999997,2.9787201798759244,105.47689240190239,
391,Galb1-3GlcNAcb1-3GalNAca-Sp14,-1.9140749999999995,11.854727281096206,-619.3449724329616,
392,GalNAcb1-4(Neu5Aca2-3)Galb1-4GlcNAcb1-3GalNAca-Sp14,-24.798975000000006,9.01958250525856,-36.370787523510785,
393,GalNAca1-3(Fuca1-2)Galb1-3GalNAca1-3(Fuca1-2)Galb1-4GlcNAcb-Sp0,-27.479225000000007,5.691417156488015,-20.71170914204463,
394,Gala1-3Galb1-3GlcNAcb1-2Mana1-6(Gala1-3Galb1-3GlcNAcb1-2Mana1-3)Manb1-4GlcNAcb1-4GlcNAc-Sp19,107.42407499999999,11.754340950864382,10.941998756670126,
395,Gala1-3Galb1-3(Fuca1-4)GlcNAcb1-2Mana1-6(Gala1-3Galb1-3(Fuca1-4)GlcNAcb1-2Mana1-3)Manb1-4GlcNAcb1-4GlcNAc-Sp19,1659.17025,113.6731273016491,6.851203322965145,
396,Neu5Aca2-3Galb1-3GlcNAcb1-2Mana1-6(Neu5Aca2-3Galb1-3GlcNAcb1-2Mana1-3)Manb1-4GlcNAcb1-4GlcNAc-Sp19,27.600475000000003,9.787760043161049,35.46228839598249,
397,GlcNAcb1-2Mana1-6(Galb1-4GlcNAcb1-2Mana1-3)Manb1-4GlcNAcb1-4GlcNAc-Sp12,376.39765,71.934498645573,19.1113038685478,
398,Galb1-4GlcNAcb1-2Mana1-6(GlcNAcb1-2Mana1-3)Manb1-4GlcNAcb1-4GlcNAc-Sp12,327.39785,50.18073745900929,15.327143247583724,
399,Neu5Aca2-3Galb1-3GlcNAcb1-3GalNAca-Sp14,10.019824999999997,5.601296507282929,55.90213908209905,
400,Fuca1-2Galb1-4GlcNAcb1-3GalNAca-Sp14,12.89105,12.933786446487098,100.3315202911097,
401,Galb1-4(Fuca1-3)GlcNAcb1-3GalNAca-Sp14,2.9758000000000004,4.9014194032613325,164.70930180997823,
402,GalNAca1-3GalNAcb1-3Gala1-4Galb1-4GlcNAcb-Sp0,23.055275,7.960740193129009,34.52893185238089,
403,Gala1-4Galb1-3GlcNAcb1-2Mana1-6(Gala1-4Galb1-3GlcNAcb1-2Mana1-3)Manb1-4GlcNAcb1-4GlcNAcb-Sp19,1479.088925,182.8897681933303,12.365028572797291,
404,Gala1-4Galb1-4GlcNAcb1-2Mana1-6(Gala1-4Galb1-4GlcNAcb1-2Mana1-3)Manb1-4GlcNAcb1-4GlcNAcb-Sp24,165.97145000000006,31.66133844722878,19.076376357035365,
405,Gala1-3Galb1-4GlcNAcb1-3GalNAca-Sp14,7.484825000000001,7.293961486679693,97.44999364286664,
406,Galb1-3GlcNAcb1-6Galb1-4GlcNAcb-Sp0,9.6541,7.799972467900117,80.79440308159349,
407,Galb1-3GlcNAca1-6Galb1-4GlcNAcb-Sp0,175.75292500000006,10.305587464857318,5.863679062443663,
408,GalNAcb1-3Gala1-6Galb1-4Glcb-Sp8,6.327725,2.8412581325591177,44.90173217956087,
409,Gala1-3(Fuca1-2)Galb1-4(Fuca1-3)Glcb-Sp21,13.466875,6.041755172891935,44.86382455389194,
410,Galb1-4GlcNAcb1-6(Neu5Aca2-6Galb1-3GlcNAcb1-3)Galb1-4Glc-Sp21,10.057574999999996,10.869175573266817,108.0695453254569,
411,Galb1-3GalNAcb1-4(Neu5Aca2-8Neu5Aca2-3)Galb1-4Glcb-Sp0,15.156099999999997,13.132644548858645,86.64923396426948,
412,Neu5Aca2-3Galb1-3GalNAcb1-4(Neu5Aca2-8Neu5Aca2-3)Galb1-4Glcb-Sp0,20.8727,2.643042725092961,12.662677684693218,
413,Gala1-3(Fuca1-2)Galb1-4GlcNAcb1-3GalNAca-Sp14,2.08845,5.121159487524936,245.2134112631347,
414,GalNAca1-3(Fuca1-2)Galb1-4GlcNAcb1-3GalNAca-Sp14,10.32845,5.51962927770818,53.44102239646975,
415,GalNAca1-3GalNAcb1-3Gala1-4Galb1-4Glcb-Sp0,13.155150000000003,7.790193495885277,59.21782340669073,
416,Fuca1-2Galb1-4(Fuca1-3)GlcNAcb1-3GalNAca-Sp14,42.57705,19.481714805854928,45.75637533801643,
417,Gala1-3(Fuca1-2)Galb1-4(Fuca1-3)GlcNAcb1-3GalNAc-Sp14,7.011875,2.8851055929549654,41.145992947035786,
418,GalNAca1-3(Fuca1-2)Galb1-4(Fuca1-3)GlcNAcb1-3GalNAc-Sp14,21.076049999999995,19.05843255280979,90.42696592962056,
419,Galb1-4(Fuca1-3)GlcNAcb1-2Mana1-6(Galb1-4(Fuca1-3)GlcNAcb1-2Mana1-3)Manb1-4GlcNAcb1-4(Fuca1-6)GlcNAcb-Sp22,18.763900000000007,4.559135406338945,24.29737637878556,
420,Fuca1-2Galb1-4GlcNAcb1-2Mana1-6(Fuca1-2Galb1-4GlcNAcb1-2Mana1-3)Manb1-4GlcNAcb1-4(Fuca1-6)GlcNAcb-Sp22,1201.1007,54.46764385853162,4.53481076636885,
421,GlcNAcb1-2(GlcNAcb1-6)Mana1-6(GlcNAcb1-2Mana1-3)Manb1-4GlcNAcb1-4GlcNAcb-Sp19,123.86189999999998,19.194634014224057,15.496802498770052,
422,Fuca1-2Galb1-3GlcNAcb1-3GalNAc-Sp14,6.24315,9.95251779785732,159.41500360967333,
423,Gala1-3(Fuca1-2)Galb1-3GlcNAcb1-3GalNAc-Sp14,13.571799999999998,7.888319889980812,58.12287161600387,
424,GalNAca1-3(Fuca1-2)Galb1-3GlcNAcb1-3GalNAc-Sp14,32.102475,27.965752897949415,87.11400880445952,
425,Gala1-3Galb1-3GlcNAcb1-3GalNAc-Sp14,7.099574999999998,6.145698428101307,86.56431445686972,
426,Fuca1-2Galb1-3GlcNAcb1-2Mana1-6(Fuca1-2Galb1-3GlcNAcb1-2Mana1-3)Manb1-4GlcNAcb1-4(Fuca1-6)GlcNAcb-Sp22,328.89200000000005,41.724711112001465,12.686447560901895,
427,Gala1-3(Fuca1-2)Galb1-4GlcNAcb1-2Mana1-6(Gala1-3(Fuca1-2)Galb1-4GlcNAcb1-2Mana1-3)Manb1-4GlcNAcb1-4(Fuca1-6)GlcNAcb-Sp22,979.014,66.74278408926308,6.817347258493044,
428,Galb1-3GlcNAcb1-6(Galb1-3GlcNAcb1-2)Mana1-6(Galb1-3GlcNAcb1-2Mana1-3)Manb1-4GlcNAcb1-4GlcNAcb-Sp19,1005.2955999999999,54.2053556904337,5.391981790274791,
429,Galb1-4GlcNAcb1-6(Fuca1-2Galb1-3GlcNAcb1-3)Galb1-4Glc-Sp21,3.4387999999999987,9.267222150137549,269.49000087639735,
430,Fuca1-3GlcNAcb1-6(Galb1-4GlcNAcb1-3)Galb1-4Glc-Sp21,7.1227500000000035,10.080530936248678,141.52582831418584,
431,GlcNAcb1-2Mana1-6(GlcNAcb1-4)(GlcNAcb1-2Mana1-3)Manb1-4GlcNAcb1-4GlcNAc-Sp21,5.42075,4.1175581489518756,75.95919658630034,
432,GlcNAcb1-2Mana1-6(GlcNAcb1-4)(GlcNAcb1-4(GlcNAcb1-2)Mana1-3)Manb1-4GlcNAcb1-4GlcNAc-Sp21,2.7308250000000003,4.176572286277349,152.94177716541148,
433,GlcNAcb1-6(GlcNAcb1-2)Mana1-6(GlcNAcb1-4)(GlcNAcb1-2Mana1-3)Manb1-4GlcNAcb1-4GlcNAc-Sp21,-18.115575,8.70814947788374,-48.06995901528789,
434,GlcNAcb1-6(GlcNAcb1-2)Mana1-6(GlcNAcb1-4)(GlcNAcb1-4(GlcNAcb1-2)Mana1-3)Manb1-4GlcNAcb1-4GlcNAc-Sp21,2.602175,6.020260172880129,231.35493088974144,
435,Galb1-4GlcNAcb1-2Mana1-6(GlcNAcb1-4)(Galb1-4GlcNAcb1-2Mana1-3)Manb1-4GlcNAcb1-4GlcNAc-Sp21,3.3442749999999988,4.641562010340196,138.79127794036668,
436,Galb1-4GlcNAcb1-2Mana1-6(GlcNAcb1-4)(Galb1-4GlcNAcb1-4(Galb1-4GlcNAcb1-2)Mana1-3)Manb1-4GlcNAcb1-4GlcNAc-Sp21,27.235974999999993,9.956103174560852,36.55497251176378,
437,Galb1-4GlcNAcb1-6(Galb1-4GlcNAcb1-2)Mana1-6(GlcNAcb1-4)(Galb1-4GlcNAcb1-2Mana1-3)Manb1-4GlcNAcb1-4GlcNAc-Sp21,1.5291249999999987,4.6843447854707145,306.3415211621495,
438,Galb1-4GlcNAcb1-6(Galb1-4GlcNAcb1-2)Mana1-6(GlcNAcb1-4)(Galb1-4GlcNAcb1-4(Galb1-4GlcNAcb1-2)Mana1-3)Manb1-4GlcNAcb1-4GlcNAc-Sp21,-0.7476000000000003,3.564348386451585,-476.77212231829634,
439,Galb1-4Galb-Sp10,11.077449999999999,6.6767518812169,60.273365090493755,
440,Galb1-6Galb-Sp10,1.2889250000000017,6.818966024931249,529.0428865086208,
441,Neu5Aca2-3Galb1-4GlcNAcb1-3Galb-Sp8,4.807675000000001,2.0051890623662687,41.70808264631591,
442,GalNAcb1-6GalNAcb-Sp8,10.048524999999998,8.755112844646835,87.12833818542359,
443,(6S)Galb1-3GlcNAcb-Sp0,2.1609749999999996,9.423864971576151,436.0931973565706,
444,(6S)Galb1-3(6S)GlcNAc-Sp0,13.721800000000005,24.193038977772094,176.31097215942577,
445,Fuca1-2Galb1-4 GlcNAcb1-2Mana1-6(Fuca1-2Galb1-4GlcNAcb1-2(Fuca1-2Galb1-4GlcNAcb1-4)Mana1-3)Manb1-4GlcNAcb1-4GlcNAcb-Sp12,772.1262499999999,31.738997296971064,4.110596848244839,
446,Fuca1-2Galb1-4(Fuca1-3)GlcNAcb1-2Mana1-6(Fuca1-2Galb1-4(Fuca1-3)GlcNAcb1-4(Fuca1-2Galb1-4(Fuca1-3)GlcNAcb1-2)Mana1-3)Manb1-4GlcNAcb1-4GlcNAcb-Sp12,195.49605000000003,5.875949123048402,3.005661302644427,
447,Galb1-4(Fuca1-3)GlcNAcb1-6GalNAc-Sp14,3.498499999999998,1.5329785473602229,43.818166281555634,
448,Galb1-4GlcNAcb1-2Mana-Sp0,14.330549999999995,4.371605932606468,30.505500016443683,
449,Fuca1-2Galb1-4GlcNAcb1-6(Fuca1-2Galb1-4GlcNAcb1-3)GalNAc-Sp14,25.278525000000002,8.00045416518125,31.64921278113042,
450,Gala1-3(Fuca1-2)Galb1-4GlcNAcb1-6(Gala1-3(Fuca1-2)Galb1-4GlcNAcb1-3)GalNAc-Sp14,14.545325000000002,4.8096398738193855,33.06656863163514,
451,GalNAca1-3(Fuca1-2)Galb1-4GlcNAcb1-6(GalNAca1-3(Fuca1-2)Galb1-4GlcNAcb1-3)GalNAc-Sp14,11.952925,8.347199641147132,69.83394977503106,
452,Neu5Aca2-8Neu5Aca2-3Galb1-3GalNAcb1-4(Neu5Aca2-8Neu5Aca2-3)Galb1-4Glcb-Sp0,11.424674999999999,3.380396415979449,29.588556488297908,
453,GalNAcb1-4Galb1-4Glcb-Sp0,3.4651499999999986,5.111318491674466,147.50641362349302,
454,GalNAca1-3(Fuca1-2)Galb1-4GlcNAcb1-2Mana1-6(GalNAca1-3(Fuca1-2)Galb1-4GlcNAcb1-2Mana1-3)Manb1-4GlcNAcb1-4(Fuca1-6)GlcNAcb-Sp22,1009.52495,67.81439135820112,6.717455706092368,
455,Gala1-3(Fuca1-2)Galb1-3GlcNAcb1-2Mana1-6(Gala1-3(Fuca1-2)Galb1-3GlcNAcb1-2Mana1-3)Manb1-4GlcNAcb1-4(Fuca1-6)GlcNAcb-Sp22,962.9008000000001,39.45246135608315,4.097250864895235,
456,Neu5Aca2-6Galb1-4GlcNAcb1-6(Fuca1-2Galb1-3GlcNAcb1-3)Galb1-4Glc-Sp21,3.7879499999999995,7.0701959899755735,186.64966512165088,
457,GalNAca1-3(Fuca1-2)Galb1-3GlcNAcb1-2Mana1-6(GalNAca1-3(Fuca1-2)Galb1-3GlcNAcb1-2Mana1-3)Manb1-4GlcNAcb1-4(Fuca1-6)GlcNAcb-Sp22,1196.8932,70.09068721549389,5.85605191971129,
458,Galb1-4GlcNAcb1-6(Galb1-4GlcNAcb1-2)Mana1-6(Galb1-4GlcNAcb1-2Mana1-3)Manb1-4GlcNAcb1-4GlcNAcb-Sp19,364.01582500000006,35.864620945193884,9.852489502398386,
459,Neu5Aca2-3Galb1-4GlcNAcb1-2Mana1-6(GlcNAcb1-4)(Neu5Aca2-3Galb1-4GlcNAcb1-2Mana1-3)Manb1-4GlcNAcb1-4GlcNAcb-Sp21,10.304375,3.5386398445118554,34.341139996475825,
460,Neu5Aca2-3Galb1-4GlcNAcb1-4Mana1-6(GlcNAcb1-4)(Neu5Aca2-3Galb1-4GlcNAcb1-4(Neu5Aca2-3Galb1-4GlcNAcb1-2)Mana1-3)Manb1-4GlcNAcb1-4GlcNAcb-Sp21,3.73775,6.974559273292232,186.59780010145758,
461,Neu5Aca2-3Galb1-4GlcNAcb1-6(Neu5Aca2-3Galb1-4GlcNAcb1-2)Mana1-6(GlcNAcb1-4)(Neu5Aca2-3Galb1-4GlcNAcb1-2Mana1-3)Manb1-4GlcNAcb1-4GlcNAcb-Sp21,-20.787475000000004,7.713723296124022,-37.107552966986226,
462,Neu5Aca2-3Galb1-4GlcNAcb1-6(Neu5Aca2-3Galb1-4GlcNAcb1-2)Mana1-6(GlcNAcb1-4)(Neu5Aca2-3Galb1-4GlcNAcb1-4(Neu5Aca2-3Galb1-4GlcNAcb1-2)Mana1-3)Manb1-4GlcNAcb1-4GlcNAcb-Sp21,5.328775,2.7244446888311002,51.127035553782996,
463,Neu5Aca2-6Galb1-4GlcNAcb1-2Mana1-6(GlcNAcb1-4)(Neu5Aca2-6Galb1-4GlcNAcb1-2Mana1-3)Manb1-4GlcNAcb1-4GlcNAcb-Sp21,5.576625000000001,3.5053995791017436,62.85880042322629,
464,Neu5Aca2-6Galb1-4GlcNAcb1-4Mana1-6(GlcNAcb1-4)(Neu5Aca2-6Galb1-4GlcNAcb1-4(Neu5Aca2-6Galb1-4GlcNAcb1-2)Mana1-3)Manb1-4GlcNAcb1-4GlcNAcb-Sp21,27.556550000000005,27.86843492585594,101.13179961154766,
465,Neu5Aca2-6Galb1-4GlcNAcb1-6(Neu5Aca2-6Galb1-4GlcNAcb1-2)Mana1-6(GlcNAcb1-4)(Neu5Aca2-6Galb1-4GlcNAcb1-2Mana1-3)Manb1-4GlcNAcb1-4GlcNAcb-Sp21,11.3256,6.993603952660368,61.75040574150922,
466,Neu5Aca2-6Galb1-4GlcNAcb1-6(Neu5Aca2-6Galb1-4GlcNAcb1-2)Mana1-6(GlcNAcb1-4)(Neu5Aca2-6Galb1-4GlcNAcb1-4(Neu5Aca2-6Galb1-4GlcNAcb1-2)Mana1-3)Manb1-4GlcNAcb1-4GlcNAcb-Sp21,5.747774999999999,5.34207584582061,92.9416312541916,
467,Gala1-3(Fuca1-2)Galb1-3GalNAca-Sp8,5.450224999999998,5.237537175922166,96.09763222476445,
468,Gala1-3(Fuca1-2)Galb1-3GalNAcb-Sp8,3.455675000000001,5.548331135500715,160.55708755889117,
469,Glca1-6Glca1-6Glca1-6Glcb-Sp10,16.793925,3.9468033811131984,23.501375533790927,
470,Glca1-4Glca1-4Glca1-4Glcb-Sp10,-0.20345000000000013,5.785106709185799,-2843.5029290665,
471,Neu5Aca2-3Galb1-4GlcNAcb1-6(Neu5Aca2-3Galb1-4GlcNAcb1-3)GalNAca-Sp14,2.9633499999999993,9.318678854322647,314.46433442970454,
472,Fuca1-2Galb1-4(Fuca1-3)GlcNAcb1-2Mana1-6(Fuca1-2Galb1-4(Fuca1-3)GlcNAcb1-2Mana1-3)Manb1-4GlcNAcb1-4(Fuca1-6)GlcNAcb-Sp24,395.422275,52.679513273401206,13.322343379214335,
473,Fuca1-2Galb1-3(Fuca1-4)GlcNAcb1-2Mana1-6(Fuca1-2Galb1-3(Fuca1-4)GlcNAcb1-2Mana1-3)Manb1-4GlcNAcb1-4(Fuca1-6)GlcNAcb1-4(Fuca1-6)GlcNAcb-Sp19,562.3539250000001,32.774024615781656,5.82800673362094,
474,Neu5Aca2-3Galb1-3GlcNAcb1-6(Neu5Aca2-3Galb1-3GlcNAcb1-2)Mana1-6(Neu5Aca2-3Galb1-3GlcNAcb1-2Mana1-3)Manb1-4GlcNAcb1-4GlcNAcb-Sp19,1247.3371750000001,44.65821628273187,3.5802842389213536,
475,GlcNAcb1-6(GlcNAcb1-2)Mana1-6(GlcNAcb1-2Mana1-3)Manb1-4GlcNAcb1-4(Fuca1-6)GlcNAcb-Sp24,155.13825,24.338355265780013,15.688171850449528,
476,Galb1-3GlcNAcb1-2Mana1-6(GlcNAcb1-4)(Galb1-3GlcNAcb1-2Mana1-3)Manb1-4GlcNAcb1-4GlcNAcb-Sp21,1390.110525,68.20402427234015,4.906374208794667,
477,Neu5Aca2-6Galb1-4GlcNAcb1-6(Galb1-3GlcNAcb1-3)Galb1-4Glcb-Sp21,10.662475,4.549174838271953,42.66528023064019,
478,Neu5Aca2-3Galb1-4GlcNAcb1-2Mana-Sp0,22.2768,3.3003916161570754,14.815375709963169,
479,Neu5Aca2-3Galb1-4GlcNAcb1-6GalNAca-Sp14,24.996899999999997,6.773054285426426,27.09557699325287,
480,Neu5Aca2-6Galb1-4GlcNAcb1-6GalNAca-Sp14,12.366525000000003,8.392723148209997,67.86646328059011,
481,Neu5Aca2-6Galb1-4 GlcNAcb1-6(Neu5Aca2-6Galb1-4GlcNAcb1-3)GalNAca-Sp14,25.387050000000002,10.796417673314924,42.52726359823187,
482,Neu5Aca2-6Galb1-4GlcNAcb1-2Mana1-6(Neu5Aca2-6Galb1-4GlcNAcb1-2Mana1-3)Manb1-4GlcNAcb1-4(Fuca1-6)GlcNAcb-Sp24,173.30697500000002,38.3978171458893,22.15595601151615,
483,Neu5Aca2-3Galb1-4GlcNAcb1-2Mana1-6(Neu5Aca2-3Galb1-4GlcNAcb1-2Mana1-3)Manb1-4GlcNAcb1-4(Fuca1-6)GlcNAcb-Sp24,33.1589,9.444638121530433,28.482965724226172,
484,Mana1-6(Mana1-3)Manb1-4GlcNAcb1-4(Fuca1-6)GlcNAcb-Sp19,9958.860975,810.2093619466052,8.135562530499179,
485,Galb1-4GlcNAcb1-6(Galb1-4GlcNAcb1-2)Mana1-6(Galb1-4GlcNAcb1-2Mana1-3)Manb1-4GlcNAcb1-4(Fuca1-6)GlcNAcb-Sp24,81.44462500000002,7.400647227269848,9.086722699343076,
486,Neu5Aca2-3Galb1-3GlcNAcb1-2Mana1-6(GlcNAcb1-4)(Neu5Aca2-3Galb1-3GlcNAcb1-2Mana1-3)Manb1-4GlcNAcb1-4GlcNAc-Sp21,212.80922499999997,24.903159446193147,11.702105228846706,
487,Neu5Aca2-6Galb1-4GlcNAcb1-6(Fuca1-2Galb1-4(Fuca1-3)GlcNAcb1-3)Galb1-4Glc-Sp21,27.131875,13.745408518574497,50.66147665273593,
488,Galb1-3GlcNAcb1-6GalNAca-Sp14,9.283199999999997,9.479047389901586,102.10969697842972,
489,Gala1-3Galb1-3GlcNAcb1-6GalNAca-Sp14,4.797549999999999,5.011669558473836,104.46310217660759,
490,Galb1-3(Fuca1-4)GlcNAcb1-6GalNAca-Sp14,26.651450000000004,26.242839720896562,98.4668365919924,
491,Neu5Aca2-3Galb1-3GlcNAcb1-6GalNAca-Sp14,-1.487375000000001,8.263677065880941,-555.5880034208545,
492,(3S)Galb1-3(Fuca1-4)GlcNAcb-Sp0,5.305275000000002,3.2568275098885175,61.388476749810636,
493,Galb1-4(Fuca1-3)GlcNAcb1-6(Neu5Aca2-6(Neu5Aca2-3Galb1-3)GlcNAcb1-3)Galb1-4Glc-Sp21,29.709599999999995,10.142827722090143,34.13989997202973,
494,Fuca1-2Galb1-4GlcNAcb1-6GalNAca-Sp14,69.98557499999998,20.65466385369584,29.51274438153269,
495,Gala1-3Galb1-4GlcNAcb1-6GalNAca-Sp14,3.4465500000000002,1.7817429752913307,51.69642034182967,
496,Galb1-4(Fuca1-3)GlcNAcb1-2Mana-Sp0,-0.30044999999999966,6.182233832793236,-2057.658123745463,
497,Fuca1-2(6S)Galb1-3GlcNAcb-Sp0,11.697299999999998,3.3307774017487226,28.474754018010334,
498,Gala1-3(Fuca1-2)Galb1-4GlcNAcb1-6GalNAca-Sp14,6.46345,6.386525313762822,98.80985098922126,
499,Fuca1-2Galb1-4GlcNAcb1-2Mana-Sp0,11.348125,1.080344492511569,9.52002637009699,
500,Fuca1-2Galb1-3(6S)GlcNAcb-Sp0,29.65747499999999,15.873962412574677,53.52432198821606,
501,Fuca1-2(6S)Galb1-3(6S)GlcNAcb-Sp0,33.359049999999996,5.097599851237228,15.281010254300492,
502,Neu5Aca2-6GalNAcb1-4(6S)GlcNAcb-Sp8,10.327524999999998,5.85093582678589,56.65380453483183,
503,GalNAcb1-4(Fuca1-3)(6S)GlcNAcb-Sp8,3.767599999999998,5.265685714763715,139.7623345037615,
504,(3S)GalNAcb1-4(Fuca1-3)GlcNAcb-Sp8,14.9409,11.981329490781347,80.1914843870272,
505,Fuca1-2Galb1-3GlcNAcb1-6(Fuca1-2Galb1-3GlcNAcb1-3)GalNAca-Sp14,91.51635000000002,20.126274872166416,21.991999104167085,
506,GalNAca1-3(Fuca1-2)Galb1-3GlcNAcb1-6GalNAca-Sp14,3.1252999999999993,4.708922220636052,150.67104663987627,
507,GlcNAcb1-6(GlcNAcb1-2)Mana1-6(GlcNAcb1-4)(GlcNAcb1-4(GlcNAcb1-2)Mana1-3)Manb1-4GlcNAcb1-4(Fuca1-6)GlcNAc-Sp21,2.4526749999999993,1.7938819366112149,73.13981414623689,
508,Galb1-4GlcNAcb1-6(Galb1-4GlcNAcb1-2)Mana1-6(GlcNAcb1-4)Galb1-4GlcNAcb1-4(Gal b1-4GlcNAcb1-2)Mana1-3)Manb1-4GlcNAcb1-4(Fuca1-6)GlcNAc-Sp21,7.269324999999995,6.652514968729296,91.5148926307367,
509,Galb1-3GlcNAca1-3Galb1-4GlcNAcb-Sp8 ,7917.7853,424.3189668755274,5.359061287952926,
510,Galb1-3(6S)GlcNAcb-Sp8 ,11.141925,5.7956295173604735,52.016411144039054,
511,(6S)(4S)GalNAcb1-4GlcNAc-Sp8,12.884274999999999,7.432576611276878,57.68719319695427,
512,(6S)GalNAcb1-4GlcNAc-Sp8 ,10.6125,11.958213045155752,112.68045272231568,
513,(3S)GalNAcb1-4(3S)GlcNAc-Sp8,3.9808,2.6461426807084085,66.47263566892103,
514,GalNAcb1-4(6S)GlcNAc-Sp8 ,6.743449999999999,6.575667488298554,97.51191879970274,
515,(3S)GalNAcb1-4GlcNAc-Sp8 ,11.270625,6.5588026642952615,58.19377953126167,
516,(4S)GalNAcb-Sp10,7.5795,12.510467760239822,165.056636456756,
517,Galb1-4(6P)GlcNAcb-Sp0 ,-3.913500000000001,9.265827161133538,-236.76573811507694,
518,(6P)Galb1-4GlcNAcb-SP0 ,32.6252,45.64111218554312,139.89527170881135,
519,GalNAca1-3(Fuca1-2)Galb1-4GlcNAcb1-6GalNAc-Sp14,4.023575000000002,8.14607017989861,202.45851462688296,
520,Neu5Aca2-6Galb1-4GlcNAcb1-2Man-Sp0,22.236124999999998,17.80776769172654,80.08485152753252,
521,Gala1-3Galb1-4GlcNAcb1-2Mana-Sp0,4.70205,10.119260098281233,215.2095383562751,
522,Gala1-3(Fuca1-2)Galb1-4GlcNAcb1-2Mana-Sp0,15.781399999999998,12.650182777072175,80.15881212739158,
523,GalNAca1-3(Fuca1-2)Galb1-4 GlcNAcb1-2Mana-Sp0,7.765250000000002,4.478741356303884,57.676718152073434,
524, Galb1-3GlcNAcb1-2Mana-Sp0,37.9019,33.32023847123547,87.91178930669827,
525,Gala1-3(Fuca1-2)Galb1-3GlcNAcb1-6GalNAc-Sp14,8.598524999999999,13.513492463306195,157.1605881625767,
526,Neu5Aca2-3Galb1-3GlcNAcb1-2Mana-Sp0,14.977624999999996,13.371271109453282,89.27497590207584,
527,Gala1-3Galb1-3GlcNAcb1-2Mana-Sp0,115.57594999999999,25.585298527409634,22.137216719749773,
528,GalNAcb1-4GlcNAcb1-2Mana-Sp0,10.435199999999998,16.50578306109711,158.1740940384191,
529,Neu5Aca2-3Galb1-3GalNAcb1-4Galb1-4Glcb-Sp0,97.361075,32.91345876237405,33.80556219451567,
530,GlcNAcb1-2 Mana1-6(GlcNAcb1-4)(GlcNAcb1-2Mana1-3)Manb1-4GlcNAcb1-4(Fuca1-6)GlcNAc-Sp21,15.51165,3.243740197673057,20.911638656577843,
531,Galb1-4GlcNAcb1-2 Mana1-6(GlcNAcb1-4)(Galb1-4GlcNAcb1-2Mana1-3)Manb1-4GlcNAcb1-4(Fuca1-6)GlcNAc-Sp21,5.3404500000000015,7.2391074424498845,135.55238682975934,
532,Galb1-4GlcNAcb1-2 Mana1-6(Galb1-4GlcNAcb1-4)(Galb1-4GlcNAcb1-2Mana1-3)Manb1-4GlcNAcb1-4(Fuca1-6)GlcNAc-Sp21,2.2013750000000005,3.1708804091555813,144.04090212506188,
533,Fuca1-4(Galb1-3)GlcNAcb1-2 Mana-Sp0,20.4048,4.572816331321408,22.41049327276625,
534,Neu5Aca2-3Galb1-4(Fuca1-3)GlcNAcb1-2Mana-Sp0,12.017800000000001,8.125924679690307,67.61574231298829,
535,GlcNAcb1-3Galb1-4GlcNAcb1-6(GlcNAcb1-3)Galb1-4GlcNAc-Sp0,3.6545249999999987,1.2619756241042601,34.53186458169695,
536,GalNAca1-3(Fuca1-2)Galb1-3GalNAcb1-3Gala1-4Galb1-4Glc-Sp21,16.306524999999997,18.372285821924827,112.66830806640182,
537,Gala1-3(Fuca1-2)Galb1-3GalNAcb1-3Gala1-4Galb1-4Glc-Sp21,1.6215999999999973,7.195565773910115,443.7324724907577,
538,Galb1-3GalNAcb1-3Gal-Sp21,-0.020124999999999282,4.227423672778335,-21005.831914427257,
539,GlcNAcb1-3Galb1-4GlcNAcb1-2Mana1-6(GlcNAcb1-3Galb1-4GlcNAcb1-2Mana1-3)Manb1-4GlcNAcb1-4GlcNAcb-Sp12,186.268125,30.314032899233982,16.274407067357327,
540,GlcNAcb1-3Galb1-4GlcNAcb1-2Mana1-6(GlcNAcb1-3Galb1-4GlcNAcb1-2Mana1-3)Manb1-4GlcNAcb1-4GlcNAcb-Sp25,166.95175,28.145211229206918,16.858290631399143,
541,Galb1-4GlcNAcb1-3Galb1-4GlcNAcb1-2Mana1-6(Galb1-4GlcNAcb1-3Galb1-4GlcNAcb1-2Mana1-3)Manb1-4GlcNAcb1-4GlcNAcb-Sp12,50.666199999999996,15.402572299673404,30.400093750218893,
542,Galb1-4GlcNAcb1-3Galb1-4GlcNAcb1-2Mana1-6(Galb1-4GlcNAcb1-3Galb1-4GlcNAcb1-2Mana1-3)Manb1-4GlcNAcb1-4GlcNAcb-Sp24,83.56244999999998,22.303526550525667,26.690848043021326,
543,Neu5Gca2-3Galb1-4GlcNAcb1-3Galb1-4GlcNAcb1-2Mana1-6(Neu5Gca2-3Galb1-4GlcNAcb1-3Galb1-4GlcNAcb1-2Mana1-3)Manb1-4GlcNAcb1-4GlcNAcb-Sp24,67.60194999999999,10.510675114536387,15.547887471495109,
544,Fuca1-2Galb1-4GlcNAcb1-3Galb1-4GlcNAcb1-2Mana1-6(Fuca1-2Galb1-4GlcNAcb1-3Galb1-4GlcNAcb1-2Mana1-3)Manb1-4GlcNAcb1-4GlcNAcb-Sp24,356.57952499999993,29.272131100346147,8.209145239157003,
545,GlcNAcb1-3Galb1-4GlcNAcb1-3Galb1-4GlcNAcb1-2Mana1-6(GlcNAcb1-3Galb1-4GlcNAcb1-3Galb1-4GlcNAcb1-2Mana1-3)Manb1-4GlcNAcb1-4GlcNAcb-Sp12,48.91665000000001,12.263532678229309,25.0702627392295,
546,GlcNAcb1-3Galb1-4GlcNAcb1-3Galb1-4GlcNAcb1-2Mana1-6(GlcNAcb1-3Galb1-4GlcNAcb1-3Galb1-4GlcNAcb1-2Mana1-3)Manb1-4GlcNAcb1-4GlcNAcb-Sp25,68.65352500000002,12.343504825446947,17.979418865159428,
547,Galb1-4GlcNAcb1-3Galb1-4GlcNAcb1-3Galb1-4GlcNAcb1-2Mana1-6(Galb1-4GlcNAcb1-3Galb1-4GlcNAcb1-3Galb1-4GlcNAcb1-2Mana1-3)Manb1-4GlcNAcb1-4GlcNAcb-Sp12,35.35577500000022,12.49775107567213,35.34854228389012,
548,Galb1-4GlcNAcb1-3Galb1-4GlcNAcb1-3Galb1-4GlcNAcb1-2Mana1-6(Galb1-4GlcNAcb1-3Galb1-4GlcNAcb1-3Galb1-4GlcNAcb1-2Mana1-3)Manb1-4GlcNAcb1-4GlcNAcb-Sp24,78.20592500000001,12.463960867871481,15.93736135449006,
549,GlcNAcb1-3Galb1-4GlcNAcb1-3Galb1-4GlcNAcb1-3Galb1-4GlcNAcb1-2Mana1-6(GlcNAcb1-3Galb1-4GlcNAcb1-3Galb1-4GlcNAcb1-3Galb1-4GlcNAcb1-2Mana1-3)Manb1-4GlcNAcb1-4GlcNAcb-Sp25,79.01649999999998,20.9902920624432,26.564441682994318,
550,Galb1-4GlcNAcb1-3Galb1-4GlcNAcb1-3Galb1-4GlcNAcb1-3Galb1-4GlcNAcb1-2Mana1-6(Galb1-4GlcNAcb1-3Galb1-4GlcNAcb1-3Galb1-4GlcNAcb1-3Galb1-4GlcNAcb1-2Mana1-3)Manb1-4GlcNAcb1-4GlcNAcb-Sp25,47.373575,8.756775039314798,18.484513865197627,
551,Galb1-3GlcNAcb1-3Galb1-4GlcNAcb1-2Mana1-6(Galb1-3GlcNAcb1-3Galb1-4GlcNAcb1-2Mana1-3)Manb1-4GlcNAcb1-4GlcNAc-Sp25,470.23775,28.056428886620775,5.966434827195557,
552,Neu5Gca2-8Neu5Gca2-3Galb1-4GlcNAc-Sp0,0.2585000000000002,5.116838801447627,1979.434739438152,
553,Neu5Aca2-8Neu5Gca2-3Galb1-4GlcNAc-Sp0,-2.4472750000000008,1.6013282036588703,-65.43311248874237,
554,Neu5Gca2-8Neu5Aca2-3Galb1-4GlcNAc-Sp0,1.8949249999999997,3.8120850002546702,201.17339737745138,
555,Neu5Gca2-8Neu5Gca2-3Galb1-4GlcNAcb1-3Galb1-4GlcNAc-Sp0,11.162224999999996,4.830685736259408,43.27708621049486,
556,Neu5Gca2-8Neu5Gca2-6Galb1-4GlcNAc-Sp0,16.232325000000007,2.8391382687651117,17.490644555016672,
557,Neu5Aca2-8Neu5Aca2-3Galb1-4GlcNAc-Sp0,5.589400000000001,9.630535611619257,172.2999894732754,
558,GlcNAcb1-3Galb1-4GlcNAcb1-6(GlcNAcb1-3Galb1-4GlcNAcb1-2)Mana1-6(GlcNAcb1-3Galb1-4GlcNAcb1-2Man a1-3)Manb1-4GlcNAcb1-4GlcNAc-Sp24,172.993475,7.894718313900876,4.563593114654108,
559,Galb1-4GlcNAcb1-3Galb1-4GlcNAcb1-6(Galb1-4GlcNAcb1-3Galb1-4GlcNAcb1-2)Mana1-6(Galb1-4GlcNAcb1-3Galb1-4GlcNAcb1-2Mana1-3)Mana1-4GlcNAcb1-4GlcNAc-Sp24,129.571675,17.42454567889335,13.447804606132744,
560,Gala1-3Galb1-4GlcNAcb1-2Mana1-6(Gala1-3Galb1-4GlcNAcb1-2Mana1-3)Manb1-4GlcNAcb1-4GlcNAc-Sp24,324.733275,30.352839419883516,9.347006222224536,
561,GlcNAcb1-3Galb1-4GlcNAcb1-6(GlcNAcb1-3Galb1-3)GalNAca-Sp14,24.854674999999997,7.637343740409145,30.727996807076117,
562,GalNAcb1-3GlcNAcb-Sp0 ,3.168375,1.6418938341135227,51.82132273211102,
563,GalNAcb1-4GlcNAcb1-3GalNAcb1-4GlcNAcb-Sp0 ,6.564749999999998,5.557537975578758,84.6572676123045,
564,GlcNAcb1-3Galb1-4GlcNAcb1-3Galb1-4GlcNAcb1-3Galb1-4GlcNAcb1-3Galb1-4GlcNAcb1-2Mana1-6(GlcNAcb1-3Galb1-4GlcNAcb1-3Galb1-4GlcNAcb1-3Galb1-4GlcNAcb1-3Galb1-4GlcNAcb1-2Mana1-3)Manb1-4GlcNAcb1-4GlcNAcb-Sp25,91.37822500000001,9.254041367379028,10.127184422086364,
565,Galb1-4GlcNAcb1-3Galb1-4GlcNAcb1-3Galb1-4GlcNAcb1-3Galb1-4GlcNAcb1-3Galb1-4GlcNAcb1-2Mana1-6(Galb1-4GlcNAcb1-3Galb1-4GlcNAcb1-3Galb1-4GlcNAcb1-3Galb1-4GlcNAcb1-3Galb1-4GlcNAcb1-2Mana1-3)Manb1-4GlcNAcb1-4GlcNAcb-Sp25,59.929525000000005,11.893654287441034,19.846068006447627,
566,GlcNAb1-3Galb1-3GalNAc-Sp14,26.619925,10.422934494141625,39.15463508684425,
567,Galb1-3GlcNAcb1-6(Galb1-3)GalNAc-Sp14,65.06957500000001,4.227700125264989,6.49719953644232,
568,Galb1-4GlcNAcb1-3Galb1-4GlcNAcb1-3Galb1-4GlcNAcb1-3Galb1-4GlcNAcb1-3Galb1-4GlcNAcb1-3Galb1-4GlcNAcb1-2Mana1-6(Galb1-4GlcNAcb1-3Galb1-4GlcNAcb1-3Galb1-4GlcNAcb1-3Galb1-4GlcNAcb1-3Galb1-4GlcNAcb1-3Galb1-4GlcNAcb1-2Mana1-3)Manb1-4GlcNAcb1-4GlcNAcb-Sp25,138.42032500000002,13.455090944167361,9.720459003522322,
569,(3S)GlcAb1-3Galb1-4GlcNAcb1-3Galb1-4Glc-Sp0,0.4870750000000008,5.344332974516091,1097.2299901485565,
570,(3S)GlcAb1-3Galb1-4GlcNAcb1-2Mana-Sp0,6.0215000000000005,8.129203455033794,135.0029636308859,
571,Galb1-3GlcNAcb1-3Galb1-4GlcNAcb1-3Galb1-4GlcNAcb1-6(Galb1-3GlcNAcb1-3Galb1-4GlcNAcb1-3Galb1-4GlcNAb1-2)Mana1-6(Galb1-3GlcNAcb1-3Galb1-4GlcNAcb1-3Galb1-4GlcNAcb1-2Mana1-3)Manb1-4GlcNAcb1-4(Fuca1-6)GlcNAcb-Sp24,1541.7175500000003,52.90233888908688,3.431389808664166,
572,Galb1-3GlcNAcb1-3Galb1-4GlcNAcb1-6(Galb1-3GlcNAcb1-3Galb1-4GlcNAb1-2)Mana1-6(Galb1-3GlcNAcb1-3Galb1-4GlcNAcb1-2Mana1-3)Manb1-4GlcNAcb1-4(Fuca1-6)GlcNAcb-Sp24,1389.6195500000003,10.552854660966512,0.7594060303027911,
573,Neu5Aca2-8Neu5Aca2-3Galb1-3GalNAcb1-4(Neu5Aca2-3)Galb1-4Glc-Sp21,2.7866999999999997,3.3438473450004675,119.99308662577486,
574,GlcNAcb1-3Galb1-4GlcNAcb1-2Mana1-6(GlcNAcb1-3Galb1-4GlcNAcb1-2Mana1-3)Manb1-4GlcNAcb1-4(Fuca1-6)GlcNAcb-Sp24,131.1849,17.841034792671874,13.599914923647367,
575,Galb1-4GlcNAcb1-3Galb1-4GlcNAcb1-2Mana1-6(Galb1-4GlcNAcb1-3Galb1-4GlcNAcb1-2Mana1-3)Manb1-4GlcNAcb1-4(Fuca1-6)GlcNAcb-Sp24,88.08229999999998,14.069725675364472,15.973385884978567,
576,GlcNAcb1-3Galb1-4GlcNAcb1-3Galb1-4GlcNAcb1-2Mana1-6(GlcNAcb1-3Galb1-4GlcNAcb1-3Galb1-4GlcNAcb1-2Mana1-3)Manb1-4GlcNAcb1-4(Fuca1-6)GlcNAcb-Sp24,77.2585,16.350437183757514,21.163285831018612,
577,Galb1-4GlcNAcb1-3Galb1-4GlcNAcb1-3Galb1-4GlcNAcb1-2Mana1-6(Galb1-4GlcNAcb1-3Galb1-4GlcNAcb1-3Galb1-4GlcNAcb1-2Mana1-3)Manb1-4GlcNAcb1-4(Fuca1-6)GlcNAcb-Sp24,57.21997499999999,12.36110661075703,21.602782263985667,
578,GlcNAcb1-3Galb1-4GlcNAcb1-3Galb1-4GlcNAcb1-3Galb1-4GlcNAcb1-2Mana1-6(GlcNAcb1-3Galb1-4GlcNAcb1-3Galb1-4GlcNAcb1-3Galb1-4GlcNAcb1-2Mana1-3)Manb1-4GlcNAcb1-4(Fuca1-6)GlcNAcb-Sp24,90.15775,4.917320742369343,5.454129836169762,
579,Galb1-4GlcNAcb1-3Galb1-4GlcNAcb1-3Galb1-4GlcNAcb1-3Galb1-4GlcNAcb1-2Mana1-6(Galb1-4GlcNAcb1-3Galb1-4GlcNAcb1-3Galb1-4GlcNAcb1-3Galb1-4GlcNAcb1-2Mana1-3)Manb1-4GlcNAcb1-4(Fuca1-6)GlcNAcb-Sp24,33.433550000000004,2.443347431291762,7.308070579677485,
580,GlcNAcb1-3Galb1-4GlcNAcb1-3Galb1-4GlcNAcb1-3Galb1-4GlcNAcb1-3Galb1-4GlcNAcb1-2Mana1-6(GlcNAcb1-3Galb1-4GlcNAcb1-3Galb1-4GlcNAcb1-3Galb1-4GlcNAcb1-3Galb1-4GlcNAcb1-2Mana1-3)Manb1-4GlcNAcb1-4(Fuca1-6)GlcNAcb-Sp19,212.16237500000003,6.9201929753312434,3.2617437353495133,
581,Galb1-4GlcNAcb1-3Galb1-4GlcNAcb1-3Galb1-4GlcNAcb1-3Galb1-4GlcNAcb1-3Galb1-4GlcNAcb1-2Mana1-6(Galb1-4GlcNAcb1-3Galb1-4GlcNAcb1-3Galb1-4GlcNAcb1-3Galb1-4GlcNAcb1-3Galb1-4GlcNAcb1-2Mana1-3)Manb1-4GlcNAcb1-4(Fuca1-6)GlcNAcb-Sp19,152.85129999999998,15.835036919649701,10.359765942226009,
582,Galb1-4GlcNAcb1-3Galb1-4GlcNAcb1-6(Galb1-4GlcNAcb1-3Galb1-4GlcNAb1-2)Mana1-6(Galb1-4GlcNAcb1-3Galb1-4GlcNAcb1-2Mana1-3)Manb1-4GlcNAcb1-4(Fuca1-6)GlcNAcb-Sp24,70.271775,4.393532368057473,6.252200642516106,
583,GlcNAcb1-3Galb1-4GlcNAcb1-3Galb1-4GlcNAcb1-6(GlcNAcb1-3Galb1-4GlcNAcb1-3Galb1-4GlcNAb1-2)Mana1-6(GlcNAcb1-3Galb1-4GlcNAcb1-3Galb1-4GlcNAcb1-2Mana1-3)Manb1-4GlcNAcb1-4(Fuca1-6)GlcNAcb-Sp24,70.8815,17.826069428414833,25.149114265943627,
584,Galb1-4GlcNAcb1-3Galb1-4GlcNAcb1-3Galb1-4GlcNAcb1-6(Galb1-4GlcNAcb1-3Galb1-4GlcNAcb1-3Galb1-4GlcNAb1-2)Mana1-6(Galb1-4GlcNAcb1-3Galb1-4GlcNAcb1-3Galb1-4GlcNAcb1-2Mana1-3)Manb1-4GlcNAcb1-4(Fuca1-6)GlcNAcb-Sp24,83.13220000000001,13.01660183253156,15.657713656719729,
585,GlcNAcb1-3Galb1-4GlcNAcb1-3Galb1-4GlcNAcb1-3Galb1-4GlcNAcb1-6(GlcNAcb1-3Galb1-4GlcNAcb1-3Galb1-4GlcNAcb1-3Galb1-4GlcNAb1-2)Mana1-6(GlcNAcb1-3Galb1-4GlcNAcb1-3Galb1-4GlcNAcb1-3Galb1-4GlcNAcb1-2Mana1-3)Manb1-4GlcNAcb1-4(Fuca1-6)GlcNAcb-Sp24,75.828675,8.167433994172715,10.770904270940662,
586,Galb1-4GlcNAcb1-3Galb1-4GlcNAcb1-3Galb1-4GlcNAcb1-3Galb1-4GlcNAcb1-6(Galb1-4GlcNAcb1-3Galb1-4GlcNAcb1-3Galb1-4GlcNAcb1-3Galb1-4GlcNAb1-2)Mana1-6(Galb1-4GlcNAcb1-3Galb1-4GlcNAcb1-3Galb1-4GlcNAcb1-3Galb1-4GlcNAcb1-2Mana1-3)Manb1-4GlcNAcb1-4(Fuca1-6)GlcNAcb-Sp24,75.49912499999999,25.96300164687891,34.38848019348425,
587,GlcNAcb1-3Galb1-4GlcNAcb1-3Galb1-4GlcNAcb1-3Galb1-4GlcNAcb1-3Galb1-4GlcNAcb1-6(GlcNAcb1-3Galb1-4GlcNAcb1-3Galb1-4GlcNAcb1-3Galb1-4GlcNAcb1-3Galb1-4GlcNAb1-2)Mana1-6(GlcNAcb1-3Galb1-4GlcNAcb1-3Galb1-4GlcNAcb1-3Galb1-4GlcNAcb1-3Galb1-4GlcNAcb1-2Mana1-3)Manb1-4GlcNAcb1-4(Fuca1-6)GlcNAcb-Sp24,138.038775,15.405567809372366,11.160319127268673,
588,Galb1-4GlcNAcb1-3Galb1-4GlcNAcb1-3Galb1-4GlcNAcb1-3Galb1-4GlcNAcb1-3Galb1-4GlcNAcb1-6(Galb1-4GlcNAcb1-3Galb1-4GlcNAcb1-3Galb1-4GlcNAcb1-3Galb1-4GlcNAcb1-3Galb1-4GlcNAb1-2)Mana1-6(Galb1-4GlcNAcb1-3Galb1-4GlcNAcb1-3Galb1-4GlcNAcb1-3Galb1-4GlcNAcb1-3Galb1-4GlcNAcb1-2Mana1-3)Manb1-4GlcNAcb1-4(Fuca1-6)GlcNAcb-Sp24,77.342975,17.493515828705345,22.618105689243716,
589,Galb1-4GlcNAcb1-3Galb1-4GlcNAcb1-3GalNAca-Sp14,23.721499999999995,13.586218323482587,57.2738584131804,
590,Galb1-4GlcNAcb1-3Galb1-4GlcNAcb1-6(Galb1-3)GalNAca-Sp14,7.33605,6.41489509007487,87.44344831448626,
591,Galb1-4GlcNAcb1-3Galb1-4GlcNAcb1-6(Galb1-4GlcNAcb1-3Galb1-4GlcNAcb1-3)GalNAca-Sp14,24.48057499999999,9.574027135737293,39.10866936637434,
592,Neu5Aca2-3Galb1-4GlcNAcb1-3Galb1-4GlcNAcb1-3GalNAca-Sp14,13.972824999999998,7.135882105890381,51.06971643808881,
593,GlcNAcb1-3Galb1-4GlcNAcb1-3GalNAca-Sp14,-2.013274999999999,4.503761342385569,-223.703236884458,
594,GlcNAcb1-3Galb1-4GlcNAcb1-6(Galb1-3)GalNAca-Sp14,4.123525000000001,7.251175480511196,175.84895157689587,
595,GlcNAcb1-3Galb1-4GlcNAcb1-6(GlcNAcb1-3Galb1-4GlcNAcb1-3)GalNAca-Sp14,10.583300000000001,3.3669581543781097,31.813878037834225,
596,Neu5Aca2-3Galb1-4GlcNAcb1-3Galb1-4GlcNAcb1-6(Neu5Aca2-3Galb1-4GlcNAcb1-3Galb1-4GlcNAcb1-3)GalNAca-Sp14,28.059275,8.178902714250032,29.14866016406351,
597,Neu5Aca2-6Galb1-4GlcNAcb1-3Galb1-4GlcNAcb1-3GalNAca-Sp14,3.30375,1.7133593230843314,51.861046480040294,
598,GlcNAcb1-3Galb1-4GlcNAcb1-3Galb1-4GlcNAcb1-3GalNAca-Sp14,24.070024999999998,8.165981545564527,33.92593711707623,
599,Galb1-4GlcNAcb1-3Galb1-3GalNAca-Sp14,1.9416749999999992,9.115288038738363,469.4548798711611,
600,Neu5Aca2-3Galb1-4GlcNAcb1-3Galb1-4GlcNAcb1-6(Galb1-3)GalNAca-Sp14,12.261950000000002,7.306611692843665,59.58768134630841,
601,Neu5Aca2-6Galb1-4GlcNAcb1-3Galb1-4GlcNAcb1-6(Galb1-3)GalNAca-Sp14,8.26115,12.85817766727981,155.6463406097191,
602,Neu5Aca2-6Galb1-4GlcNAcb1-6(Galb1-3)GalNAca-Sp14,1.41405,3.394798612092722,240.07627821454136,
603,Neu5Aca2-3Galb1-4GlcNAcb1-3Galb1-4GlcNAcb1-2Mana1-6(Neu5Aca2-3Galb1-4GlcNAcb1-3Galb1-4GlcNAcb1-2Mana1-3)Manb1-4GlcNAcb1-4GlcNAcb-Sp12,80.04929999999999,18.109133094841138,22.622475268167417,
604,GlcNAcb1-6(Neu5Aca2-3Galb1-3)GalNAca-Sp14,-0.3504999999999998,1.6747507257300491,-477.81761076463624,
605,Neu5Aca2-6Galb1-4GlcNAcb1-3Galb1-4GlcNAcb1-6(Neu5Aca2-6Galb1-4GlcNAcb1-3Galb1-4GlcNAcb1-3)GalNAca-Sp14,19.443675,12.567735664888092,64.63662689737455,
606,Neu5Aca2-6Galb1-4GlcNAcb1-3Galb1-4GlcNAcb1-3Galb1-4GlcNAcb1-2Mana1-6(Neu5Aca2-6Galb1-4GlcNAcb1-3Galb1-4GlcNAcb1-3Galb1-4GlcNAcb1-2Mana1-3)Manb1-4GlcNAcb1-4GlcNAcb-Sp12,42.394499999999994,15.355306159761195,36.22004307106157,
607,Neu5Aca2-3Galb1-4GlcNAcb1-3Galb1-4GlcNAcb1-3Galb1-4GlcNAcb1-2Mana1-6(Neu5Aca2-3Galb1-4GlcNAcb1-3Galb1-4GlcNAcb1-3Galb1-4GlcNAcb1-2Mana1-3)Manb1-4GlcNAcb1-4GlcNAcb-Sp12,247.64044999999996,25.031835658550218,10.10813688092968,
608,Neu5Aca2-6Galb1-4GlcNAcb1-3Galb1-4GlcNAcb1-2Mana1-6(Neu5Aca2-6Galb1-4GlcNAcb1-3Galb1-4GlcNAcb1-2Mana1-3)Manb1-4GlcNAcb1-4GlcNAcb-Sp12,140.54125,24.216280400933908,17.230727918624538,
609,GlcNAcb1-3Fuca-Sp21,4.980675000000001,9.817262899055248,197.10707683306472,
610,Galb1-3GalNAcb1-4(Neu5Aca2-8Neu5Aca2-8Neu5Aca2-3)Galb1-4Glcb-Sp21,4.4789249999999985,6.204336021619611,138.52288264750163,
